kode,nama,program_kode,anggaran,satuan_kerja,satuan_kerja_id
3.26.01.1.07,Pengadaan Barang Milik Daerah Penunjang Urusan Pemerintah Daerah,3.26.01,255444150,Dinas Pariwisata dan Kebudayaan,1009
1.05.01.1.07,Pengadaan Barang Milik Daerah Penunjang Urusan Pemerintah Daerah,1.05.01,15000000,Satuan Polisi dan Pamong Praja,1027
5.05.01.1.02,Administrasi Keuangan Perangkat Daerah,5.05.01,12317917413,Badan Penelitian dan Pengembangan Daerah,1045
1.03.06.1.01,Pengelolaan dan Pengembangan Sistem Drainase yang Terhubung Langsung dengan Sungai Lintas Daerah Kabupaten/Kota dan Kawasan Strategis Provinsi,1.03.06,300912000,Dinas Perumahan dan Permukiman,1012
3.25.01.1.01,"Perencanaan, Penganggaran, dan Evaluasi Kinerja Perangkat Daerah",3.25.01,951571458,Dinas Kelautan dan Perikanan,1018
2.08.01.1.06,Administrasi Umum Perangkat Daerah,2.08.01,1184503090,"Dinas Pemberdayaan Perempuan, Perlindungan Anak, dan Keluarga Berencana",1041
3.29.01.1.07,Pengadaan Barang Milik Daerah Penunjang Urusan Pemerintah Daerah,3.29.01,588116144,Dinas Energi dan Sumber Daya Mineral,1013
2.22.01.1.06,Administrasi Umum Perangkat Daerah,2.22.01,343929959,Dinas Pariwisata dan Kebudayaan,1009
2.08.01.1.02,Administrasi Keuangan Perangkat Daerah,2.08.01,16476347555,"Dinas Pemberdayaan Perempuan, Perlindungan Anak, dan Keluarga Berencana",1041
4.01.06.1.03,Pengelolaan Kebijakan dan Koordinasi BUMD dan BLUD,4.01.06,3905441480,Sekretariat Daerah,1001
8.01.01.1.08,Penyediaan Jasa Penunjang Urusan Pemerintahan Daerah,8.01.01,2200898400,Badan Kesatuan Bangsa dan Politik,1035
3.27.04.1.02,Pengawasan Pemasukan dan Pengeluaran Hewan dan Produk Hewan Lintas Daerah Provinsi,3.27.04,160582584,Dinas Ketahanan Pangan dan Peternakan,1017
2.08.07.1.03,Penguatan dan Pengembangan Lembaga Penyedia Layanan bagi Anak yang Memerlukan Perlindungan Khusus Tingkat Daerah Provinsi dan Lintas Daerah Kabupaten/Kota,2.08.07,51306000,"Dinas Pemberdayaan Perempuan, Perlindungan Anak, dan Keluarga Berencana",1041
3.28.03.1.04,Pelaksanaan Rehabilitasi di Luar Kawasan Hutan Negara,3.28.03,36510815100,Dinas Kehutanan,1019
2.19.01.1.06,Administrasi Umum Perangkat Daerah,2.19.01,2103280000,Dinas Pemuda dan Olahraga,1021
2.18.01.1.02,Administrasi Keuangan Perangkat Daerah,2.18.01,25628527698,Dinas Penanaman Modal dan Pelayanan Terpadu Satu Pintu,1046
3.29.03.1.03,Penatausahaan Izin Usaha Pertambangan Mineral Bukan Logam dan Batuan dalam rangka Penanaman Modal Dalam Negeri pada Wilayah Izin Usaha Pertambangan Daerah yang Berada dalam 1 (satu) Daerah Provinsi termasuk Wilayah Laut sampai dengan 12 Mil Laut,3.29.03,989248150,Dinas Energi dan Sumber Daya Mineral,1013
2.08.07.1.02,Penyediaan Layanan bagi Anak yang Memerlukan Perlindungan Khusus yang Memerlukan Koordinasi Tingkat Daerah Provinsi,2.08.07,345044000,"Dinas Pemberdayaan Perempuan, Perlindungan Anak, dan Keluarga Berencana",1041
5.02.02.1.04,Koordinasi dan Pelaksanaan Akuntansi dan Pelaporan Keuangan Daerah,5.02.02,2813321576,Badan Pengelolaan Keuangan dan Aset Daerah,1024
5.02.01.1.07,Pengadaan Barang Milik Daerah Penunjang Urusan Pemerintah Daerah,5.02.01,962030350,Badan Pengelolaan Keuangan dan Aset Daerah,1024
2.17.02.1.01,Penerbitan Izin Usaha Simpan Pinjam untuk Koperasi dengan Wilayah Keanggotaan Lintas Daerah Kabupaten/Kota dalam 1 (satu) Daerah Provinsi,2.17.02,191180050,Dinas Koperasi dan Usaha Kecil,1014
3.27.04.1.03,Penerapan Persyaratan Teknis Sertifikasi Zona/Kompartemen Bebas Penyakit dan Unit Usaha Produk Hewan,3.27.04,2417993700,Dinas Ketahanan Pangan dan Peternakan,1017
5.01.01.1.07,Pengadaan Barang Milik Daerah Penunjang Urusan Pemerintah Daerah,5.01.01,125541120,Badan Perencanaan Pembangunan Daerah,1026
2.15.01.1.06,Administrasi Umum Perangkat Daerah,2.15.01,1628012493,Badan Penghubung,1043
5.04.02.1.02,"Sertifikasi, Kelembagaan, Pengembangan Kompetensi Manajerial dan Fungsional",5.04.02,4263440489,Badan Pengembangan Sumber Daya Manusia,1031
2.24.02.1.02,Pengelolaan Arsip Statis Daerah Provinsi,2.24.02,209999844,Dinas Perpustakaan dan Kearsipan,1040
8.01.04.1.01,Perumusan Kebijakan Teknis dan Pemantapan Pelaksanaan Bidang Pemberdayaan dan Pengawasan Organisasi Kemasyarakatan,8.01.04,9158152320,Badan Kesatuan Bangsa dan Politik,1035
4.02.02.1.08,Fasilitasi Tugas DPRD,4.02.02,24964620182,Sekretariat Dewan Perwakilan Rakyat Daerah,1002
3.31.01.1.05,Administrasi Kepegawaian Perangkat Daerah,3.31.01,464660000,Dinas Perindustrian dan Perdagangan,1015
2.09.01.1.05,Administrasi Kepegawaian Perangkat Daerah,2.09.01,113050000,Dinas Ketahanan Pangan dan Peternakan,1017
4.01.07.1.01,Pengelolaan Pengadaan Barang dan Jasa,4.01.07,868410000,Sekretariat Daerah,1001
2.12.04.1.02,Penyelenggaraan Pengelolaan Informasi Administrasi Kependudukan Provinsi,2.12.04,191280000,Dinas Kependudukan dan Pencatatan Sipil,1023
3.25.02.1.03,Pemberdayaan Masyarakat Pesisir dan Pulau-Pulau Kecil,3.25.02,1781039200,Dinas Kelautan dan Perikanan,1018
1.01.01.1.08,Penyediaan Jasa Penunjang Urusan Pemerintahan Daerah,1.01.01,15820324921,Dinas Pendidikan,1003
2.07.04.1.04,Pelindungan PMI (Pra dan Purna Penempatan) di Daerah Provinsi,2.07.04,1498844930,Dinas Tenaga Kerja dan Transmigrasi,1007
2.18.02.1.02,Pembuatan Peta Potensi Investasi Provinsi,2.18.02,150000000,Dinas Penanaman Modal dan Pelayanan Terpadu Satu Pintu,1046
1.05.04.1.01,Penyelenggaraan Pemetaan Rawan Bencana Kebakaran,1.05.04,300000000,Badan Penanggulangan Bencana Daerah,1080
2.23.01.1.05,Administrasi Kepegawaian Perangkat Daerah,2.23.01,43400000,Dinas Perpustakaan dan Kearsipan,1040
1.06.01.1.08,Penyediaan Jasa Penunjang Urusan Pemerintahan Daerah,1.06.01,24403254584,Dinas Sosial,1006
1.03.11.1.02,Penyelenggaraan Sistem Informasi Jasa Konstruksi (SIPJAKI) Cakupan Daerah Provinsi,1.03.11,378412840,Dinas Bina Marga dan Penataan Ruang,1010
1.03.01.1.06,Administrasi Umum Perangkat Daerah,1.03.01,6415832927,Dinas Sumber Daya Air,1011
2.07.01.1.09,Pemeliharaan Barang Milik Daerah Penunjang Urusan Pemerintahan Daerah,2.07.01,3326490326,Dinas Tenaga Kerja dan Transmigrasi,1007
2.17.07.1.01,"Pemberdayaan Usaha Kecil yang dilakukan Melalui Pendataan, Kemitraan, Kemudahan Perijinan, Penguatan Kelembagaan dan Koordinasi Dengan Para Pemangku Kepentingan",2.17.07,2419964000,Dinas Koperasi dan Usaha Kecil,1014
3.30.01.1.08,Penyediaan Jasa Penunjang Urusan Pemerintahan Daerah,3.30.01,3448938579,Dinas Perindustrian dan Perdagangan,1015
2.22.02.1.03,Pembinaan Lembaga Adat yang Penganutnya Lintas Daerah Kabupaten/Kota dalam 1 (satu) Daerah Provinsi,2.22.02,1555665900,Dinas Pariwisata dan Kebudayaan,1009
2.24.02.1.01,Pengelolaan Arsip Dinamis Provinsi,2.24.02,579945800,Dinas Perpustakaan dan Kearsipan,1040
1.03.01.1.08,Penyediaan Jasa Penunjang Urusan Pemerintahan Daerah,1.03.01,15380805029,Dinas Sumber Daya Air,1011
8.01.01.1.01,"Perencanaan, Penganggaran, dan Evaluasi Kinerja Perangkat Daerah",8.01.01,2339895500,Badan Kesatuan Bangsa dan Politik,1035
1.02.01.1.07,Pengadaan Barang Milik Daerah Penunjang Urusan Pemerintah Daerah,1.02.01,3262134400,Dinas Kesehatan,1004
2.15.05.1.01,Penetapan Rencana Induk Perkeretaapian,2.15.05,200000000,Dinas Perhubungan,1008
2.12.01.1.09,Pemeliharaan Barang Milik Daerah Penunjang Urusan Pemerintahan Daerah,2.12.01,784300000,Dinas Kependudukan dan Pencatatan Sipil,1023
2.11.03.1.02,Penanggulangan Pencemaran dan/atau Kerusakan Lingkungan Hidup,2.11.03,1165307680,Dinas Lingkungan Hidup,1034
2.21.02.1.02,Penetapan Pola Hubungan Komunikasi Sandi antar Perangkat Daerah Provinsi,2.21.02,289300000,Dinas Komunikasi dan Informatika,1022
2.15.01.1.08,Penyediaan Jasa Penunjang Urusan Pemerintahan Daerah,2.15.01,2390965717,Badan Penghubung,1043
1.05.02.1.01,Penanganan Gangguan Ketenteraman dan Ketertiban Umum Lintas Daerah Kabupaten/Kota dalam 1 (satu) Daerah Provinsi,1.05.02,8324341684,Satuan Polisi dan Pamong Praja,1027
3.27.02.1.02,"Pengawasan Mutu, Penyediaan dan Peredaran Benih Tanaman",3.27.02,7399070765,Dinas Perkebunan,1020
2.17.05.1.01,Pendidikan dan Latihan Perkoperasian bagi Koperasi yang Wilayah Lintas Daerah Kabupaten/Kota dalam 1 (satu) Daerah Provinsi,2.17.05,19302554320,Dinas Koperasi dan Usaha Kecil,1014
1.06.04.1.04,Rehabilitasi Sosial Dasar Gelandangan dan Pengemis di dalam Panti,1.06.04,1806354500,Dinas Sosial,1006
5.01.01.1.02,Administrasi Keuangan Perangkat Daerah,5.01.01,34527694642,Badan Perencanaan Pembangunan Daerah,1026
1.04.01.1.09,Pemeliharaan Barang Milik Daerah Penunjang Urusan Pemerintahan Daerah,1.04.01,6758980555,Dinas Perumahan dan Permukiman,1012
1.03.02.1.01,Pengelolaan SDA dan Bangunan Pengaman Pantai pada Wilayah Sungai Lintas Daerah Kabupaten/Kota,1.03.02,87264539990,Dinas Sumber Daya Air,1011
2.16.01.1.01,"Perencanaan, Penganggaran, dan Evaluasi Kinerja Perangkat Daerah",2.16.01,350809915,Dinas Komunikasi dan Informatika,1022
2.09.03.1.02,Pengelolaan dan Keseimbangan Cadangan Pangan Provinsi,2.09.03,13887381626,Dinas Ketahanan Pangan dan Peternakan,1017
4.02.02.1.02,Pembahasan Kebijakan Anggaran,4.02.02,1068935964,Sekretariat Dewan Perwakilan Rakyat Daerah,1002
4.01.01.1.09,Pemeliharaan Barang Milik Daerah Penunjang Urusan Pemerintahan Daerah,4.01.01,34219937094,Sekretariat Daerah,1001
1.03.01.1.01,"Perencanaan, Penganggaran, dan Evaluasi Kinerja Perangkat Daerah",1.03.01,65899951,Dinas Bina Marga dan Penataan Ruang,1010
1.06.05.1.02,Pengelolaan Data Fakir Miskin Cakupan Daerah Provinsi,1.06.05,458180000,Dinas Sosial,1006
2.07.01.1.07,Pengadaan Barang Milik Daerah Penunjang Urusan Pemerintah Daerah,2.07.01,247773025,Dinas Tenaga Kerja dan Transmigrasi,1007
1.06.01.1.06,Administrasi Umum Perangkat Daerah,1.06.01,3791823759,Dinas Sosial,1006
1.06.05.1.01,Pengangkatan Anak antar WNI dan Pengangkatan Anak oleh Orang Tua Tunggal,1.06.05,158875000,Dinas Sosial,1006
1.03.01.1.01,"Perencanaan, Penganggaran, dan Evaluasi Kinerja Perangkat Daerah",1.03.01,1995635386,Dinas Sumber Daya Air,1011
2.19.01.1.05,Administrasi Kepegawaian Perangkat Daerah,2.19.01,100000000,Dinas Pemuda dan Olahraga,1021
2.17.01.1.06,Administrasi Umum Perangkat Daerah,2.17.01,2169764170,Dinas Koperasi dan Usaha Kecil,1014
2.17.01.1.09,Pemeliharaan Barang Milik Daerah Penunjang Urusan Pemerintahan Daerah,2.17.01,1848228810,Dinas Koperasi dan Usaha Kecil,1014
2.07.01.1.05,Administrasi Kepegawaian Perangkat Daerah,2.07.01,53800000,Dinas Tenaga Kerja dan Transmigrasi,1007
5.01.01.1.01,"Perencanaan, Penganggaran, dan Evaluasi Kinerja Perangkat Daerah",5.01.01,1534112394,Badan Perencanaan Pembangunan Daerah,1026
5.07.01.1.02,Administrasi Keuangan Perangkat Daerah,5.07.01,6569742499,Badan Penghubung,1043
2.18.01.1.07,Pengadaan Barang Milik Daerah Penunjang Urusan Pemerintah Daerah,2.18.01,35000000,Dinas Penanaman Modal dan Pelayanan Terpadu Satu Pintu,1046
2.22.02.1.02,Pelestarian Kesenian Tradisional yang Masyarakat Pelakunya Lintas Kabupaten/Kota dalam Daerah Provinsi,2.22.02,2642677500,Dinas Pariwisata dan Kebudayaan,1009
3.28.01.1.01,"Perencanaan, Penganggaran, dan Evaluasi Kinerja Perangkat Daerah",3.28.01,599130000,Dinas Kehutanan,1019
3.27.03.1.01,Penataan Prasarana Pertanian,3.27.03,4308638229,Dinas Ketahanan Pangan dan Peternakan,1017
3.31.01.1.01,"Perencanaan, Penganggaran, dan Evaluasi Kinerja Perangkat Daerah",3.31.01,869204272,Dinas Perindustrian dan Perdagangan,1015
3.30.04.1.02,"Pengendalian Harga, Informasi Ketersediaan Stok Barang Kebutuhan Pokok dan Barang Penting pada Pelaku Usaha Distribusi Barang Lintas Kabupaten/Kota yang Terintegrasi dalam Sistem Informasi Perdagangan",3.30.04,15724021120,Dinas Perindustrian dan Perdagangan,1015
2.07.01.1.02,Administrasi Keuangan Perangkat Daerah,2.07.01,87750434492,Dinas Tenaga Kerja dan Transmigrasi,1007
2.15.01.1.01,"Perencanaan, Penganggaran, dan Evaluasi Kinerja Perangkat Daerah",2.15.01,428251904,Dinas Perhubungan,1008
5.02.01.1.08,Penyediaan Jasa Penunjang Urusan Pemerintahan Daerah,5.02.01,8897908803,Badan Pengelolaan Keuangan dan Aset Daerah,1024
8.01.02.1.01,Perumusan Kebijakan Teknis dan Pemantapan Pelaksanaan Bidang Ideologi Pancasila dan Karakter Kebangsaan,8.01.02,1226632000,Badan Kesatuan Bangsa dan Politik,1035
4.01.01.1.05,Administrasi Kepegawaian Perangkat Daerah,4.01.01,2695662345,Sekretariat Daerah,1001
3.25.01.1.06,Administrasi Umum Perangkat Daerah,3.25.01,3421090701,Dinas Kelautan dan Perikanan,1018
5.02.01.1.09,Pemeliharaan Barang Milik Daerah Penunjang Urusan Pemerintahan Daerah,5.02.01,4781257720,Badan Pengelolaan Keuangan dan Aset Daerah,1024
3.28.03.1.09,Perbenihan Tanaman Hutan,3.28.03,175000000,Dinas Kehutanan,1019
3.27.07.1.02,Pengembangan Penerapan Penyuluhan Pertanian,3.27.07,591318855,Dinas Tanaman Pangan dan Hortikultura,1016
1.03.10.1.01,Penyelenggaraan Jalan Provinsi,1.03.10,680212699012,Dinas Bina Marga dan Penataan Ruang,1010
2.11.06.1.01,Pembinaan dan Pengawasan Izin Lingkungan dan Izin PPLH yang diterbitkan oleh Pemerintah Daerah Provinsi,2.11.06,535157640,Dinas Lingkungan Hidup,1034
5.02.02.1.03,Koordinasi dan Pengelolaan Perbendaharaan Daerah,5.02.02,2752992710,Badan Pengelolaan Keuangan dan Aset Daerah,1024
1.05.03.1.02,Pelayanan Pencegahan dan Kesiapsiagaan terhadap Bencana,1.05.03,5371423200,Badan Penanggulangan Bencana Daerah,1080
4.01.01.1.01,"Perencanaan, Penganggaran, dan Evaluasi Kinerja Perangkat Daerah",4.01.01,5790347733,Sekretariat Daerah,1001
3.25.01.1.08,Penyediaan Jasa Penunjang Urusan Pemerintahan Daerah,3.25.01,12742423501,Dinas Kelautan dan Perikanan,1018
3.31.03.1.01,"Penerbitan Izin Usaha Industri (IUI), Izin Perluasan Usaha Industri (IPUI), Izin Usaha Kawasan Industri (IUKI), dan Izin Perluasan Kawasan Industri (IPKI) Kewenangan Provinsi",3.31.03,693212000,Dinas Perindustrian dan Perdagangan,1015
2.16.01.1.08,Penyediaan Jasa Penunjang Urusan Pemerintahan Daerah,2.16.01,4466945038,Dinas Komunikasi dan Informatika,1022
3.28.01.1.05,Administrasi Kepegawaian Perangkat Daerah,3.28.01,100080000,Dinas Kehutanan,1019
1.03.11.1.01,Penyelenggaraan Pelatihan Tenaga Ahli Konstruksi,1.03.11,622898920,Dinas Bina Marga dan Penataan Ruang,1010
4.01.01.1.11,Administrasi Keuangan dan Operasional Kepala Daerah dan Wakil Kepala Daerah,4.01.01,29226258234,Sekretariat Daerah,1001
2.08.01.1.05,Administrasi Kepegawaian Perangkat Daerah,2.08.01,122296000,"Dinas Pemberdayaan Perempuan, Perlindungan Anak, dan Keluarga Berencana",1041
2.07.03.1.04,Pengukuran Produktivitas Tingkat Daerah Provinsi,2.07.03,394555520,Dinas Tenaga Kerja dan Transmigrasi,1007
2.17.01.1.01,"Perencanaan, Penganggaran, dan Evaluasi Kinerja Perangkat Daerah",2.17.01,806467920,Dinas Koperasi dan Usaha Kecil,1014
1.04.01.1.05,Administrasi Kepegawaian Perangkat Daerah,1.04.01,100000000,Dinas Perumahan dan Permukiman,1012
1.05.01.1.02,Administrasi Keuangan Perangkat Daerah,1.05.01,11919508635,Badan Penanggulangan Bencana Daerah,1080
2.18.04.1.01,Penanaman Modal yang Ruang Lingkupnya Lintas Daerah Kabupaten/Kota,2.18.04,0,Dinas Penanaman Modal dan Pelayanan Terpadu Satu Pintu,1046
1.06.04.1.03,Rehabilitasi Sosial Dasar Lanjut Usia Terlantar di dalam Panti,1.06.04,5301922356,Dinas Sosial,1006
5.02.01.1.07,Pengadaan Barang Milik Daerah Penunjang Urusan Pemerintah Daerah,5.02.01,9639086893,Badan Pendapatan Daerah,1005
1.02.03.1.02,Pengembangan Mutu dan Peningkatan Kompetensi Teknis Sumber Daya Manusia Kesehatan Tingkat Daerah Provinsi,1.02.03,1896883961,Dinas Kesehatan,1004
2.22.02.1.01,Pengelolaan Kebudayaan yang Masyarakat Pelakunya Lintas Daerah Kabupaten/Kota dalam 1 (satu) Daerah Provinsi,2.22.02,7219137015,Dinas Pariwisata dan Kebudayaan,1009
5.03.01.1.08,Penyediaan Jasa Penunjang Urusan Pemerintahan Daerah,5.03.01,2739148104,Badan Kepegawaian Daerah,1030
2.13.01.1.01,"Perencanaan, Penganggaran, dan Evaluasi Kinerja Perangkat Daerah",2.13.01,1558177807,Dinas Pemberdayaan Masyarakat dan Desa,1042
2.07.01.1.06,Administrasi Umum Perangkat Daerah,2.07.01,2629024344,Dinas Tenaga Kerja dan Transmigrasi,1007
3.30.01.1.06,Administrasi Umum Perangkat Daerah,3.30.01,626979168,Dinas Perindustrian dan Perdagangan,1015
2.18.01.1.09,Pemeliharaan Barang Milik Daerah Penunjang Urusan Pemerintahan Daerah,2.18.01,2400011393,Dinas Penanaman Modal dan Pelayanan Terpadu Satu Pintu,1046
4.02.01.1.02,Administrasi Keuangan Perangkat Daerah,4.02.01,38483322363,Sekretariat Dewan Perwakilan Rakyat Daerah,1002
2.11.10.1.01,Penyelesaian Pengaduan Masyarakat di Bidang Perlindungan dan Pengelolaan Lingkungan Hidup (PPLH) Provinsi,2.11.10,1687431720,Dinas Lingkungan Hidup,1034
5.04.01.1.05,Administrasi Kepegawaian Perangkat Daerah,5.04.01,490500000,Badan Pengembangan Sumber Daya Manusia,1031
3.27.04.1.05,Kesejahteraan Hewan,3.27.04,237275000,Dinas Ketahanan Pangan dan Peternakan,1017
1.01.01.1.01,"Perencanaan, Penganggaran, dan Evaluasi Kinerja Perangkat Daerah",1.01.01,5018681104,Dinas Pendidikan,1003
4.01.04.1.02,Fasilitasi Pengembangan Kesejahteraan Rakyat Pelayanan Dasar,4.01.04,87571907500,Sekretariat Daerah,1001
2.19.01.1.09,Pemeliharaan Barang Milik Daerah Penunjang Urusan Pemerintahan Daerah,2.19.01,1968382759,Dinas Pemuda dan Olahraga,1021
2.17.03.1.01,Pemeriksaan dan Pengawasan Koperasi yang Wilayah Keanggotaannya Lintas Daerah Kabupaten/Kota dalam 1 (satu) Daerah Provinsi,2.17.03,1192973600,Dinas Koperasi dan Usaha Kecil,1014
2.07.04.1.01,Pelayanan antar Kerja Lintas Daerah Kabupaten/Kota,2.07.04,452098180,Dinas Tenaga Kerja dan Transmigrasi,1007
2.15.02.1.08,Penyediaan Angkutan Umum untuk Jasa Angkutan Orang dan/atau Barang Antar Kota dalam 1 (satu) Daerah Provinsi,2.15.02,7452468000,Dinas Perhubungan,1008
3.29.01.1.08,Penyediaan Jasa Penunjang Urusan Pemerintahan Daerah,3.29.01,7781487226,Dinas Energi dan Sumber Daya Mineral,1013
1.04.02.1.02,Sosialisasi dan Persiapan Penyediaan dan Rehabilitasi Rumah Korban Bencana atau Relokasi Program Provinsi,1.04.02,210053615928,Dinas Perumahan dan Permukiman,1012
2.15.01.1.08,Penyediaan Jasa Penunjang Urusan Pemerintahan Daerah,2.15.01,20804180604,Dinas Perhubungan,1008
2.11.01.1.05,Administrasi Kepegawaian Perangkat Daerah,2.11.01,347070000,Dinas Lingkungan Hidup,1034
3.28.01.1.06,Administrasi Umum Perangkat Daerah,3.28.01,3569007638,Dinas Kehutanan,1019
1.03.12.1.01,Penetapan Rencana Tata Ruang Wilayah dan Rencana Rinci Tata Ruang Provinsi,1.03.12,1806979523,Dinas Bina Marga dan Penataan Ruang,1010
2.12.01.1.08,Penyediaan Jasa Penunjang Urusan Pemerintahan Daerah,2.12.01,1150133436,Dinas Kependudukan dan Pencatatan Sipil,1023
1.02.01.1.08,Penyediaan Jasa Penunjang Urusan Pemerintahan Daerah,1.02.01,40959645245,Dinas Kesehatan,1004
3.28.03.1.02,Rencana Pengelolaan Kesatuan Pengelolaan Hutan kecuali pada Kesatuan Pengelolaan Hutan Konservasi (KPHK),3.28.03,125000000,Dinas Kehutanan,1019
2.10.03.1.01,Penetapan Lokasi Pengadaan Tanah untuk Kepentingan Umum di Wilayah Provinsi,2.10.03,350000000,Dinas Perumahan dan Permukiman,1012
1.06.06.1.01,Perlindungan Sosial Korban Bencana Alam dan Sosial Provinsi,1.06.06,7956851117,Dinas Sosial,1006
6.01.02.1.02,Penyelenggaraan Pengawasan Dengan Tujuan Tertentu,6.01.02,6811408000,Inspektorat,1025
3.27.03.1.01,Penataan Prasarana Pertanian,3.27.03,4891605118,Dinas Perkebunan,1020
1.01.01.1.06,Administrasi Umum Perangkat Daerah,1.01.01,35575068613,Dinas Pendidikan,1003
5.03.01.1.02,Administrasi Keuangan Perangkat Daerah,5.03.01,28835801556,Badan Kepegawaian Daerah,1030
2.15.01.1.07,Pengadaan Barang Milik Daerah Penunjang Urusan Pemerintah Daerah,2.15.01,30000000,Badan Penghubung,1043
2.08.02.1.02,"Pemberdayaan Perempuan Bidang Politik, Hukum, Sosial, dan Ekonomi pada Organisasi Kemasyarakatan Kewenangan Provinsi",2.08.02,1147444750,"Dinas Pemberdayaan Perempuan, Perlindungan Anak, dan Keluarga Berencana",1041
3.27.03.1.01,Penataan Prasarana Pertanian,3.27.03,7983534374,Dinas Tanaman Pangan dan Hortikultura,1016
2.23.03.1.04,Pengembangan Koleksi Budaya Etnis Nusantara yang ditemukan oleh Pemerintah Daerah Provinsi,2.23.03,12186500,Dinas Perpustakaan dan Kearsipan,1040
2.08.03.1.02,Penyediaan Layanan Rujukan Lanjutan bagi Perempuan Korban Kekerasan yang memerlukan Koordinasi Tingkat Daerah Provinsi dan Lintas Daerah Kabupaten/Kota,2.08.03,330000000,"Dinas Pemberdayaan Perempuan, Perlindungan Anak, dan Keluarga Berencana",1041
2.13.01.1.06,Administrasi Umum Perangkat Daerah,2.13.01,13381560974,Dinas Pemberdayaan Masyarakat dan Desa,1042
4.02.02.1.07,Pembahasan Kerja Sama Daerah,4.02.02,63439466210,Sekretariat Dewan Perwakilan Rakyat Daerah,1002
3.25.01.1.02,Administrasi Keuangan Perangkat Daerah,3.25.01,44930407511,Dinas Kelautan dan Perikanan,1018
1.03.01.1.07,Pengadaan Barang Milik Daerah Penunjang Urusan Pemerintah Daerah,1.03.01,1340850914,Dinas Bina Marga dan Penataan Ruang,1010
5.02.01.1.06,Administrasi Umum Perangkat Daerah,5.02.01,20850707756,Badan Pendapatan Daerah,1005
5.03.01.1.06,Administrasi Umum Perangkat Daerah,5.03.01,1997016440,Badan Kepegawaian Daerah,1030
1.02.02.1.03,Penyelenggaraan Sistem Informasi Kesehatan secara Terintegrasi,1.02.02,757125780,Dinas Kesehatan,1004
1.06.01.1.09,Pemeliharaan Barang Milik Daerah Penunjang Urusan Pemerintahan Daerah,1.06.01,3440070360,Dinas Sosial,1006
3.26.01.1.01,"Perencanaan, Penganggaran, dan Evaluasi Kinerja Perangkat Daerah",3.26.01,451773000,Dinas Pariwisata dan Kebudayaan,1009
2.08.01.1.01,"Perencanaan, Penganggaran, dan Evaluasi Kinerja Perangkat Daerah",2.08.01,298000000,"Dinas Pemberdayaan Perempuan, Perlindungan Anak, dan Keluarga Berencana",1041
3.30.07.1.01,Pelaksanaan Promosi Produk Dalam Negeri,3.30.07,1025128000,Dinas Perindustrian dan Perdagangan,1015
2.08.06.1.01,"Pelembagaan PHA pada Lembaga Pemerintah, Non Pemerintah, dan Dunia Usaha Kewenangan Provinsi",2.08.06,43145000,"Dinas Pemberdayaan Perempuan, Perlindungan Anak, dan Keluarga Berencana",1041
3.29.06.1.05,Penatausahaan Izin Usaha Jasa Penunjang Tenaga Listrik bagi Badan Usaha Dalam Negeri/Mayoritas Sahamnya Dimiliki oleh Penanam Modal Dalam Negeri,3.29.06,131661000,Dinas Energi dan Sumber Daya Mineral,1013
2.12.01.1.02,Administrasi Keuangan Perangkat Daerah,2.12.01,8862972937,Dinas Kependudukan dan Pencatatan Sipil,1023
3.26.01.1.09,Pemeliharaan Barang Milik Daerah Penunjang Urusan Pemerintahan Daerah,3.26.01,1645450000,Dinas Pariwisata dan Kebudayaan,1009
2.23.03.1.01,Pelestarian Karya Cetak dan Karya Rekam Koleksi Daerah di Daerah Provinsi,2.23.03,4510250,Dinas Perpustakaan dan Kearsipan,1040
3.27.07.1.01,Pengembangan Ketenagaan Penyuluhan Pertanian,3.27.07,181223742,Dinas Perkebunan,1020
3.25.04.1.05,Pengelolaan Pembudidayaan Ikan di Laut,3.25.04,16243793016,Dinas Kelautan dan Perikanan,1018
1.04.03.1.02,Peningkatan Kualitas Kawasan Permukiman Kumuh dengan Luas 10 (Sepuluh) Ha sampai dengan di Bawah 15 (Lima Belas) Ha,1.04.03,10533460000,Dinas Perumahan dan Permukiman,1012
3.28.05.1.01,Pelaksanaan Penyuluhan Kehutanan Provinsi dan Pemberdayaan Masyarakat di Bidang Kehutanan,3.28.05,464799000,Dinas Kehutanan,1019
3.25.02.1.01,Pengelolaan Ruang Laut Sampai Dengan 12 Mil di Luar Minyak dan Gas Bumi,3.25.02,13694849033,Dinas Kelautan dan Perikanan,1018
4.01.01.1.08,Penyediaan Jasa Penunjang Urusan Pemerintahan Daerah,4.01.01,59365265932,Sekretariat Daerah,1001
8.01.03.1.01,"Perumusan Kebijakan Teknis dan Pemantapan Pelaksanaan Bidang Pendidikan Politik, Etika Budaya Politik, Peningkatan Demokrasi, Fasilitasi Kelembagaan Pemerintahan, Perwakilan, dan Partai Politik, Pemilihan Umum/Pemilihan Umum Kepala Daerah, serta Pemantauan Situasi Politik",8.01.03,76406506333,Badan Kesatuan Bangsa dan Politik,1035
2.08.04.1.02,Penguatan dan Pengembangan Lembaga Penyedia Layanan Peningkatan Kualitas Keluarga dalam Mewujudkan KG dan Hak Anak Kewenangan Provinsi,2.08.04,64800000,"Dinas Pemberdayaan Perempuan, Perlindungan Anak, dan Keluarga Berencana",1041
3.27.05.1.01,Pengendalian dan Penanggulangan Bencana Pertanian Provinsi,3.27.05,30438118581,Dinas Tanaman Pangan dan Hortikultura,1016
6.01.01.1.06,Administrasi Umum Perangkat Daerah,6.01.01,4063581800,Inspektorat,1025
2.19.03.1.03,Pembinaan dan Pengembangan Olahraga Prestasi Tingkat Nasional,2.19.03,158277599412,Dinas Pemuda dan Olahraga,1021
2.07.06.1.01,Penyelenggaraan Pengawasan Ketenagakerjaan,2.07.06,3351782810,Dinas Tenaga Kerja dan Transmigrasi,1007
2.09.01.1.07,Pengadaan Barang Milik Daerah Penunjang Urusan Pemerintah Daerah,2.09.01,983457477,Dinas Ketahanan Pangan dan Peternakan,1017
6.01.03.1.02,Pendampingan dan Asistensi,6.01.03,2107405000,Inspektorat,1025
2.12.02.1.01,Pelayanan Pendaftaran Kependudukan,2.12.02,284185000,Dinas Kependudukan dan Pencatatan Sipil,1023
6.01.01.1.02,Administrasi Keuangan Perangkat Daerah,6.01.01,48906174223,Inspektorat,1025
2.22.01.1.08,Penyediaan Jasa Penunjang Urusan Pemerintahan Daerah,2.22.01,11439097669,Dinas Pariwisata dan Kebudayaan,1009
2.08.02.1.01,Pelembagaan Pengarusutamaan Gender (PUG) pada Lembaga Pemerintah Kewenangan Provinsi,2.08.02,127137750,"Dinas Pemberdayaan Perempuan, Perlindungan Anak, dan Keluarga Berencana",1041
2.18.01.1.08,Penyediaan Jasa Penunjang Urusan Pemerintahan Daerah,2.18.01,5386224280,Dinas Penanaman Modal dan Pelayanan Terpadu Satu Pintu,1046
3.28.03.1.06,Pelaksanaan Pengolahan Hasil Hutan Bukan Kayu (HHBK),3.28.03,7173325348,Dinas Kehutanan,1019
2.09.01.1.08,Penyediaan Jasa Penunjang Urusan Pemerintahan Daerah,2.09.01,7471880178,Dinas Ketahanan Pangan dan Peternakan,1017
2.13.05.1.01,Pemberdayaan Lembaga kemasyarakatan yang Bergerak di Bidang Pemberdayaan Desa dan Lembaga Adat Tingkat Daerah Provinsi serta Pemberdayaan Masyarakat Hukum Adat yang Masyarakat Pelakunya Hukum Adat yang Sama Berada di Lintas Daerah Kabupaten/Kota,2.13.05,37106857480,Dinas Pemberdayaan Masyarakat dan Desa,1042
1.03.01.1.03,Administrasi Barang Milik Daerah pada Perangkat Daerah,1.03.01,1779455000,Dinas Bina Marga dan Penataan Ruang,1010
3.29.03.1.01,Penetapan Wilayah Izin Usaha Pertambangan Mineral Bukan Logam dan Batuan dalam 1 (satu) Daerah Provinsi dan Wilayah Laut sampai dengan 12 Mil,3.29.03,306582480,Dinas Energi dan Sumber Daya Mineral,1013
5.03.01.1.09,Pemeliharaan Barang Milik Daerah Penunjang Urusan Pemerintahan Daerah,5.03.01,716985000,Badan Kepegawaian Daerah,1030
1.03.09.1.01,Penyelenggaraan Penataan Bangunan dan Lingkungan di Kawasan Strategis Daerah Provinsi dan Lintas Daerah Kabupaten/Kota,1.03.09,55988176785,Dinas Perumahan dan Permukiman,1012
3.31.01.1.07,Pengadaan Barang Milik Daerah Penunjang Urusan Pemerintah Daerah,3.31.01,35853000,Dinas Perindustrian dan Perdagangan,1015
3.27.02.1.03,"Pengelolaan Sumber Daya Genetik (SDG) Hewan, Tumbuhan, dan Mikro Organisme Kewenangan Provinsi",3.27.02,123102732,Dinas Tanaman Pangan dan Hortikultura,1016
8.01.05.1.01,"Perumusan Kebijakan Teknis dan Pemantapan Pelaksanaan Bidang Ketahanan Ekonomi, Sosial dan Budaya",8.01.05,834000000,Badan Kesatuan Bangsa dan Politik,1035
3.30.03.1.01,Pembangunan dan Pengelolaan Pusat Distribusi Regional dan Pusat Distribusi Provinsi serta Pasar Lelang Komoditas,3.30.03,14842686140,Dinas Perindustrian dan Perdagangan,1015
5.05.02.1.03,Penelitian dan Pengembangan Bidang Ekonomi dan Pembangunan,5.05.02,1169000000,Badan Penelitian dan Pengembangan Daerah,1045
2.09.03.1.04,Promosi Pencapaian Target Konsumsi Pangan Perkapita/Tahun sesuai dengan Angka Kecukupan Gizi melalui Media Provinsi,2.09.03,300000000,Dinas Ketahanan Pangan dan Peternakan,1017
5.04.01.1.06,Administrasi Umum Perangkat Daerah,5.04.01,1652163642,Badan Pengembangan Sumber Daya Manusia,1031
1.03.01.1.02,Administrasi Keuangan Perangkat Daerah,1.03.01,52955505614,Dinas Sumber Daya Air,1011
4.01.07.1.03,Pembinaan dan Advokasi Pengadaan Barang dan Jasa,4.01.07,1099767520,Sekretariat Daerah,1001
2.07.03.1.01,Pelaksanaan Latihan Kerja berdasarkan Klaster Kompetensi,2.07.03,3402021551,Dinas Tenaga Kerja dan Transmigrasi,1007
2.09.01.1.09,Pemeliharaan Barang Milik Daerah Penunjang Urusan Pemerintahan Daerah,2.09.01,6669483470,Dinas Ketahanan Pangan dan Peternakan,1017
3.27.02.1.02,"Pengawasan Mutu, Penyediaan dan Peredaran Benih Tanaman",3.27.02,1501881798,Dinas Tanaman Pangan dan Hortikultura,1016
5.02.03.1.01,Pengelolaan Barang Milik Daerah,5.02.03,16873909657,Badan Pengelolaan Keuangan dan Aset Daerah,1024
2.23.03.1.03,Pelestarian Naskah Kuno Milik Daerah Provinsi,2.23.03,26175000,Dinas Perpustakaan dan Kearsipan,1040
2.19.04.1.01,Pembinaan dan Pengembangan Organisasi Kepramukaan,2.19.04,6995000000,Dinas Pemuda dan Olahraga,1021
3.28.01.1.09,Pemeliharaan Barang Milik Daerah Penunjang Urusan Pemerintahan Daerah,3.28.01,2354934930,Dinas Kehutanan,1019
1.05.01.1.06,Administrasi Umum Perangkat Daerah,1.05.01,2434517383,Badan Penanggulangan Bencana Daerah,1080
3.28.01.1.08,Penyediaan Jasa Penunjang Urusan Pemerintahan Daerah,3.28.01,13198753416,Dinas Kehutanan,1019
3.28.01.1.10,Peningkatan Pelayanan BLUD,3.28.01,2500000000,Dinas Kehutanan,1019
1.02.02.1.02,"Penyediaan Layanan Kesehatan untuk UKP Rujukan, UKM dan UKM Rujukan Tingkat Daerah Provinsi",1.02.02,437581601325,Dinas Kesehatan,1004
2.11.02.1.02,Penyelenggaraan Kajian Lingkungan Hidup Strategis (KLHS) Provinsi,2.11.02,360151840,Dinas Lingkungan Hidup,1034
1.04.01.1.01,"Perencanaan, Penganggaran, dan Evaluasi Kinerja Perangkat Daerah",1.04.01,1300000000,Dinas Perumahan dan Permukiman,1012
1.06.03.1.01,Pemulangan Warga Negara Migran Korban Tindak Kekerasan dari Titik Debarkasi di Daerah Provinsi untuk dipulangkan Ke Daerah Kabupaten/Kota Asal,1.06.03,141144500,Dinas Sosial,1006
3.27.01.1.06,Administrasi Umum Perangkat Daerah,3.27.01,5054789679,Dinas Tanaman Pangan dan Hortikultura,1016
2.18.05.1.01,Pengendalian Pelaksanaan Penanaman Modal yang Menjadi Kewenangan Daerah Provinsi,2.18.05,1048391000,Dinas Penanaman Modal dan Pelayanan Terpadu Satu Pintu,1046
1.03.01.1.08,Penyediaan Jasa Penunjang Urusan Pemerintahan Daerah,1.03.01,17221020558,Dinas Bina Marga dan Penataan Ruang,1010
6.01.01.1.01,"Perencanaan, Penganggaran, dan Evaluasi Kinerja Perangkat Daerah",6.01.01,327722250,Inspektorat,1025
2.21.02.1.01,Penyelenggaraan Persandian untuk Pengamanan Informasi Pemerintah Daerah Provinsi,2.21.02,1519178228,Dinas Komunikasi dan Informatika,1022
2.10.10.1.01,Perencanaan Penggunaan Tanah yang Hamparannya Lintas Daerah Kabupaten/Kota dalam 1 (satu) Daerah Provinsi,2.10.10,725000000,Dinas Perumahan dan Permukiman,1012
2.13.02.1.01,"Penatausahaan Penetapan Susunan Kelembagaan, Pengisian Jabatan, dan Masa Jabatan Kepala Desa dan Desa Adat",2.13.02,464000000,Dinas Pemberdayaan Masyarakat dan Desa,1042
3.32.03.1.01,Penataan Persebaran Penduduk yang Berasal dari Lintas Daerah Kabupaten/Kota dalam 1 (Satu) Daerah Provinsi,3.32.03,343688300,Dinas Tenaga Kerja dan Transmigrasi,1007
5.01.03.1.01,Koordinasi Perencanaan Bidang Pemerintahan dan Pembangunan Manusia,5.01.03,4692000000,Badan Perencanaan Pembangunan Daerah,1026
5.05.02.1.01,Penelitian dan Pengembangan Bidang Penyelenggaraan Pemerintahan dan Pengkajian Peraturan,5.05.02,344800000,Badan Penelitian dan Pengembangan Daerah,1045
5.01.01.1.05,Administrasi Kepegawaian Perangkat Daerah,5.01.01,1343573000,Badan Perencanaan Pembangunan Daerah,1026
2.23.01.1.07,Pengadaan Barang Milik Daerah Penunjang Urusan Pemerintah Daerah,2.23.01,194076506,Dinas Perpustakaan dan Kearsipan,1040
1.06.04.1.01,Rehabilitasi Sosial Dasar Penyandang Disabilitas Terlantar di dalam Panti,1.06.04,1832973816,Dinas Sosial,1006
1.03.04.1.01,Pengembangan Sistem dan Pengelolaan Persampahan Regional,1.03.04,2493283499,Dinas Perumahan dan Permukiman,1012
4.01.01.1.13,Fasilitasi Materi dan Komunikasi Pimpinan,4.01.01,15977600892,Sekretariat Daerah,1001
6.01.03.1.01,Perumusan Kebijakan Teknis di Bidang Pengawasan dan Fasilitasi Pengawasan,6.01.03,2622320972,Inspektorat,1025
2.17.02.1.02,"Penerbitan Izin Pembukaan Kantor Cabang, Cabang Pembantu dan Kantor Kas Koperasi Simpan Pinjam untuk Koperasi dengan Wilayah Keanggotaan Lintas Daerah Kabupaten/Kota dalam 1 (satu) Daerah Provinsi",2.17.02,191780050,Dinas Koperasi dan Usaha Kecil,1014
4.02.01.1.16,Layanan Adminstrasi DPRD,4.02.01,15682399119,Sekretariat Dewan Perwakilan Rakyat Daerah,1002
3.31.02.1.01,"Penyusunan, Penerapan, dan Evaluasi Rencana Pembangunan Industri Provinsi",3.31.02,5601091351,Dinas Perindustrian dan Perdagangan,1015
2.19.03.1.02,Penyelenggaraan Kejuaraan Olahraga,2.19.03,11809644204,Dinas Pemuda dan Olahraga,1021
2.09.03.1.01,Penyediaan dan Penyaluran Pangan Pokok atau Pangan Lainnya sesuai dengan Kebutuhan Daerah Provinsi dalam rangka Stabilisasi Pasokan dan Harga Pangan,2.09.03,599816800,Dinas Ketahanan Pangan dan Peternakan,1017
5.05.01.1.09,Pemeliharaan Barang Milik Daerah Penunjang Urusan Pemerintahan Daerah,5.05.01,463691299,Badan Penelitian dan Pengembangan Daerah,1045
5.05.02.1.04,Pengembangan Inovasi dan Teknologi,5.05.02,239160000,Badan Penelitian dan Pengembangan Daerah,1045
1.02.02.1.04,Penerbitan Izin Rumah Sakit Kelas B dan Fasilitas Pelayanan Kesehatan Tingkat Daerah Provinsi,1.02.02,2383061120,Dinas Kesehatan,1004
1.02.01.1.02,Administrasi Keuangan Perangkat Daerah,1.02.01,530755402382,Dinas Kesehatan,1004
2.14.03.1.01,"Pengembangan Desain Program, Pengelolaan dan Pelaksanaan Advokasi, Komunikasi, Informasi dan Edukasi (KIE) Pengendalian Penduduk dan Keluarga Berencana (KB) Sesuai Kearifan Budaya Lokal",2.14.03,80000000,"Dinas Pemberdayaan Perempuan, Perlindungan Anak, dan Keluarga Berencana",1041
1.06.02.1.02,Pemberdayaan Potensi Sumber Kesejahteraan Sosial Provinsi,1.06.02,11092017738,Dinas Sosial,1006
2.15.01.1.09,Pemeliharaan Barang Milik Daerah Penunjang Urusan Pemerintahan Daerah,2.15.01,631626000,Badan Penghubung,1043
1.02.01.1.05,Administrasi Kepegawaian Perangkat Daerah,1.02.01,7539931976,Dinas Kesehatan,1004
2.13.01.1.09,Pemeliharaan Barang Milik Daerah Penunjang Urusan Pemerintahan Daerah,2.13.01,2957297054,Dinas Pemberdayaan Masyarakat dan Desa,1042
3.25.06.1.03,Penyediaan dan Penyaluran Bahan Baku Industri Pengolahan Ikan Lintas Daerah Kabupaten/Kota dalam 1 (satu) Daerah Provinsi,3.25.06,398280000,Dinas Kelautan dan Perikanan,1018
2.11.05.1.01,Pengumpulan Limbah B3 Lintas Daerah Kabupaten/Kota dalam 1 (satu) Daerah Provinsi,2.11.05,162735500,Dinas Lingkungan Hidup,1034
3.28.04.1.02,Perlindungan Tumbuhan dan Satwa Liar yang Tidak Dilindungi dan/atau Tidak Masuk dalam Lampiran (Appendix) CITES (Convension On International Trade In Endangered Species) untuk Kewenangan Daerah Provinsi,3.28.04,100000000,Dinas Kehutanan,1019
4.01.05.1.02,Fasilitasi Bantuan Hukum,4.01.05,2283793217,Sekretariat Daerah,1001
2.17.04.1.01,Penilaian Kesehatan Koperasi Simpan Pinjam/Unit Simpan Pinjam Koperasi yang Wilayah Keanggotaanya Lintas Daerah Kabupaten/Kota dalam 1 (satu) Daerah Provinsi,2.17.04,411967000,Dinas Koperasi dan Usaha Kecil,1014
2.23.01.1.01,"Perencanaan, Penganggaran, dan Evaluasi Kinerja Perangkat Daerah",2.23.01,150870175,Dinas Perpustakaan dan Kearsipan,1040
5.05.01.1.08,Penyediaan Jasa Penunjang Urusan Pemerintahan Daerah,5.05.01,2277855340,Badan Penelitian dan Pengembangan Daerah,1045
3.26.02.1.03,Pengelolaan Destinasi Pariwisata Provinsi,3.26.02,732130951,Dinas Pariwisata dan Kebudayaan,1009
3.27.02.1.03,"Pengelolaan Sumber Daya Genetik (SDG) Hewan, Tumbuhan, dan Mikro Organisme Kewenangan Provinsi",3.27.02,10972415647,Dinas Ketahanan Pangan dan Peternakan,1017
2.18.06.1.01,Urusan Pengelolaan Data dan Informasi Perizinan dan Non Perizinan Penanaman Modal yang Terintegrasi pada Tingkat Daerah Provinsi,2.18.06,524941840,Dinas Penanaman Modal dan Pelayanan Terpadu Satu Pintu,1046
2.08.01.1.07,Pengadaan Barang Milik Daerah Penunjang Urusan Pemerintah Daerah,2.08.01,164270000,"Dinas Pemberdayaan Perempuan, Perlindungan Anak, dan Keluarga Berencana",1041
3.27.06.1.01,Penerbitan Izin Usaha Pertanian yang Kegiatan Usahanya dalam Daerah Kabupaten/Kota,3.27.06,133770836,Dinas Tanaman Pangan dan Hortikultura,1016
5.04.01.1.07,Pengadaan Barang Milik Daerah Penunjang Urusan Pemerintah Daerah,5.04.01,142439180,Badan Pengembangan Sumber Daya Manusia,1031
1.05.01.1.08,Penyediaan Jasa Penunjang Urusan Pemerintahan Daerah,1.05.01,2698747704,Badan Penanggulangan Bencana Daerah,1080
5.01.02.1.02,Analisis Data dan Informasi Pemerintahan Daerah Bidang Perencanaan Pembangunan Daerah,5.01.02,2300000000,Badan Perencanaan Pembangunan Daerah,1026
2.18.03.1.01,Penyelenggaraan Promosi Penanaman Modal yang Menjadi Kewenangan Daerah Provinsi,2.18.03,1966500000,Dinas Penanaman Modal dan Pelayanan Terpadu Satu Pintu,1046
3.28.01.1.07,Pengadaan Barang Milik Daerah Penunjang Urusan Pemerintah Daerah,3.28.01,60680000,Dinas Kehutanan,1019
2.23.02.1.01,Pengelolaan Perpustakaan Tingkat Daerah Provinsi,2.23.02,512216250,Dinas Perpustakaan dan Kearsipan,1040
3.27.02.1.06,Pengawasan Peredaran Obat Hewan di Tingkat Distributor,3.27.02,25806432,Dinas Ketahanan Pangan dan Peternakan,1017
2.11.01.1.01,"Perencanaan, Penganggaran, dan Evaluasi Kinerja Perangkat Daerah",2.11.01,800000000,Dinas Lingkungan Hidup,1034
2.12.04.1.03,Pembinaan dan Pengawasan Pengelolaan Informasi Administrasi Kependudukan Provinsi,2.12.04,374538138,Dinas Kependudukan dan Pencatatan Sipil,1023
4.01.01.1.14,Fasilitasi Keprotokolan,4.01.01,7632087674,Sekretariat Daerah,1001
3.29.05.1.04,Pelaksanaan Konservasi Energi di Wilayah Provinsi,3.29.05,1518394424,Dinas Energi dan Sumber Daya Mineral,1013
4.02.02.1.04,Peningkatan Kapasitas DPRD,4.02.02,3222979840,Sekretariat Dewan Perwakilan Rakyat Daerah,1002
2.19.01.1.02,Administrasi Keuangan Perangkat Daerah,2.19.01,23204087109,Dinas Pemuda dan Olahraga,1021
5.05.01.1.05,Administrasi Kepegawaian Perangkat Daerah,5.05.01,229400000,Badan Penelitian dan Pengembangan Daerah,1045
5.02.04.1.01,Kegiatan Pengelolaan Pendapatan Daerah,5.02.04,17847853030,Badan Pendapatan Daerah,1005
5.03.01.1.01,"Perencanaan, Penganggaran, dan Evaluasi Kinerja Perangkat Daerah",5.03.01,322202500,Badan Kepegawaian Daerah,1030
1.06.04.1.05,Rehabilitasi Sosial bagi Penyandang Masalah Kesejahteraan Sosial (PMKS) Lainnya di Luar HIV/AIDS dan NAPZA di dalam Panti,1.06.04,997213000,Dinas Sosial,1006
4.02.01.1.06,Administrasi Umum Perangkat Daerah,4.02.01,21172639439,Sekretariat Dewan Perwakilan Rakyat Daerah,1002
2.13.01.1.08,Penyediaan Jasa Penunjang Urusan Pemerintahan Daerah,2.13.01,7548084530,Dinas Pemberdayaan Masyarakat dan Desa,1042
5.02.01.1.04,Administrasi Pendapatan Daerah Kewenangan Perangkat Daerah,5.02.01,338463000,Badan Pendapatan Daerah,1005
2.15.02.1.05,Pelaksanaan Manajemen dan Rekayasa Lalu Lintas untuk Jaringan Jalan Provinsi,2.15.02,5881720960,Dinas Perhubungan,1008
1.05.01.1.06,Administrasi Umum Perangkat Daerah,1.05.01,657315468,Satuan Polisi dan Pamong Praja,1027
1.03.01.1.05,Administrasi Kepegawaian Perangkat Daerah,1.03.01,0,Dinas Sumber Daya Air,1011
3.27.07.1.03,Pengembangan Kapasitas Kelembagaan Ekonomi Petani Berbasis Kawasan,3.27.07,1052159651,Dinas Tanaman Pangan dan Hortikultura,1016
8.01.01.1.06,Administrasi Umum Perangkat Daerah,8.01.01,2394588389,Badan Kesatuan Bangsa dan Politik,1035
4.01.05.1.01,Fasilitasi Penyusunan Perundang-Undangan,4.01.05,3942218612,Sekretariat Daerah,1001
2.08.01.1.08,Penyediaan Jasa Penunjang Urusan Pemerintahan Daerah,2.08.01,3410879396,"Dinas Pemberdayaan Perempuan, Perlindungan Anak, dan Keluarga Berencana",1041
4.02.02.1.06,Pelaksanaan dan Pengawasan Kode Etik DPRD,4.02.02,160738027,Sekretariat Dewan Perwakilan Rakyat Daerah,1002
5.02.01.1.08,Penyediaan Jasa Penunjang Urusan Pemerintahan Daerah,5.02.01,86237170308,Badan Pendapatan Daerah,1005
4.01.01.1.06,Administrasi Umum Perangkat Daerah,4.01.01,41767406134,Sekretariat Daerah,1001
2.10.08.1.02,Inventarisasi dan Pemanfaatan Tanah Kosong,2.10.08,275000000,Dinas Perumahan dan Permukiman,1012
3.25.06.1.02,Pembinaan Mutu dan Keamanan Hasil Perikanan bagi Usaha Pengolahan dan Pemasaran Skala Menengah dan Besar,3.25.06,1301633800,Dinas Kelautan dan Perikanan,1018
3.27.01.1.01,"Perencanaan, Penganggaran, dan Evaluasi Kinerja Perangkat Daerah",3.27.01,1567541408,Dinas Perkebunan,1020
2.09.01.1.02,Administrasi Keuangan Perangkat Daerah,2.09.01,62954704512,Dinas Ketahanan Pangan dan Peternakan,1017
3.26.01.1.08,Penyediaan Jasa Penunjang Urusan Pemerintahan Daerah,3.26.01,6974345512,Dinas Pariwisata dan Kebudayaan,1009
5.01.01.1.08,Penyediaan Jasa Penunjang Urusan Pemerintahan Daerah,5.01.01,6487328141,Badan Perencanaan Pembangunan Daerah,1026
1.04.01.1.08,Penyediaan Jasa Penunjang Urusan Pemerintahan Daerah,1.04.01,17200383363,Dinas Perumahan dan Permukiman,1012
1.02.01.1.01,"Perencanaan, Penganggaran, dan Evaluasi Kinerja Perangkat Daerah",1.02.01,2422188534,Dinas Kesehatan,1004
2.15.02.1.03,Pengelolaan Terminal Penumpang Tipe B,2.15.02,59168050000,Dinas Perhubungan,1008
5.02.02.1.02,Pembinaan Pengelolaan Keuangan Daerah Kabupaten/Kota,5.02.02,887702158,Badan Pengelolaan Keuangan dan Aset Daerah,1024
3.31.04.1.01,"Penyediaan Informasi Industri untuk IUI, IPUI, IUKI, dan IPKI Kewenangan Provinsi Berbasis Sistem Informasi Industri Nasional (SIINas)",3.31.04,485089430,Dinas Perindustrian dan Perdagangan,1015
2.11.03.1.03,Pemulihan Pencemaran dan/atau Kerusakan Lingkungan Hidup,2.11.03,212416340,Dinas Lingkungan Hidup,1034
3.27.05.1.01,Pengendalian dan Penanggulangan Bencana Pertanian Provinsi,3.27.05,2983336975,Dinas Perkebunan,1020
1.03.12.1.03,Koordinasi dan Sinkronisasi Pemanfataan Ruang Daerah Provinsi,1.03.12,2743305600,Dinas Bina Marga dan Penataan Ruang,1010
1.01.01.1.03,Administrasi Barang Milik Daerah pada Perangkat Daerah,1.01.01,100000000,Dinas Pendidikan,1003
5.02.02.1.01,Koordinasi dan Penyusunan Rencana Anggaran Daerah,5.02.02,4688533703,Badan Pengelolaan Keuangan dan Aset Daerah,1024
3.26.03.1.01,"Pemasaran Pariwisata Dalam dan Luar Negeri Daya Tarik, Destinasi dan Kawasan Strategis Pariwisata Provinsi",3.26.03,13326104019,Dinas Pariwisata dan Kebudayaan,1009
3.29.06.1.02,Penatausahaan Izin Operasi yang Fasilitas Instalasinya dalam Daerah Provinsi,3.29.06,1422186191,Dinas Energi dan Sumber Daya Mineral,1013
2.23.01.1.09,Pemeliharaan Barang Milik Daerah Penunjang Urusan Pemerintahan Daerah,2.23.01,1146590097,Dinas Perpustakaan dan Kearsipan,1040
4.02.01.1.15,Layanan Keuangan dan Kesejahteraan DPRD,4.02.01,169310621600,Sekretariat Dewan Perwakilan Rakyat Daerah,1002
3.29.02.1.03,Penetapan Nilai Perolehan Air Tanah dalam Daerah Provinsi,3.29.02,1122885811,Dinas Energi dan Sumber Daya Mineral,1013
2.07.04.1.03,Pengelolaan Informasi Pasar Kerja,2.07.04,101441840,Dinas Tenaga Kerja dan Transmigrasi,1007
6.01.01.1.09,Pemeliharaan Barang Milik Daerah Penunjang Urusan Pemerintahan Daerah,6.01.01,1208716000,Inspektorat,1025
5.01.03.1.03,Koordinasi Perencanaan Bidang Infrastruktur dan Kewilayahan,5.01.03,4437887162,Badan Perencanaan Pembangunan Daerah,1026
2.07.03.1.02,Pelaksanaan Akreditasi Lembaga Pelatihan Kerja,2.07.03,509261680,Dinas Tenaga Kerja dan Transmigrasi,1007
1.05.01.1.01,"Perencanaan, Penganggaran, dan Evaluasi Kinerja Perangkat Daerah",1.05.01,103473000,Satuan Polisi dan Pamong Praja,1027
3.26.01.1.02,Administrasi Keuangan Perangkat Daerah,3.26.01,32275642531,Dinas Pariwisata dan Kebudayaan,1009
4.01.07.1.02,Pengelolaan Layanan Pengadaan Secara Elektronik,4.01.07,2084289800,Sekretariat Daerah,1001
5.01.02.1.03,"Pengendalian, Evaluasi dan Pelaporan Bidang Perencanaan Pembangunan Daerah",5.01.02,4248000000,Badan Perencanaan Pembangunan Daerah,1026
5.03.01.1.07,Pengadaan Barang Milik Daerah Penunjang Urusan Pemerintah Daerah,5.03.01,517533273,Badan Kepegawaian Daerah,1030
2.12.01.1.05,Administrasi Kepegawaian Perangkat Daerah,2.12.01,230000000,Dinas Kependudukan dan Pencatatan Sipil,1023
2.18.01.1.01,"Perencanaan, Penganggaran, dan Evaluasi Kinerja Perangkat Daerah",2.18.01,200058160,Dinas Penanaman Modal dan Pelayanan Terpadu Satu Pintu,1046
3.31.01.1.06,Administrasi Umum Perangkat Daerah,3.31.01,8069738774,Dinas Perindustrian dan Perdagangan,1015
2.10.02.1.01,Pemberian Izin Lokasi Lintas Daerah Kabupaten/Kota dalam 1 (satu) Daerah Provinsi,2.10.02,150000000,Dinas Perumahan dan Permukiman,1012
3.29.06.1.06,"Penganggaran untuk Kelompok Masyarakat Tidak Mampu, Pembangunan Sarana Penyediaan Tenaga Listrik Belum Berkembang, Daerah Terpencil dan Perdesaan",3.29.06,1272550280,Dinas Energi dan Sumber Daya Mineral,1013
2.11.03.1.01,Pencegahan Pencemaran dan/atau Kerusakan Lingkugan Hidup,2.11.03,4453563480,Dinas Lingkungan Hidup,1034
1.01.01.1.05,Administrasi Kepegawaian Perangkat Daerah,1.01.01,678840000,Dinas Pendidikan,1003
3.27.01.1.01,"Perencanaan, Penganggaran, dan Evaluasi Kinerja Perangkat Daerah",3.27.01,1466131135,Dinas Tanaman Pangan dan Hortikultura,1016
5.03.02.1.03,Pengembangan Kompetensi ASN,5.03.02,4722722500,Badan Kepegawaian Daerah,1030
1.01.01.1.02,Administrasi Keuangan Perangkat Daerah,1.01.01,4188569765230,Dinas Pendidikan,1003
3.28.01.1.02,Administrasi Keuangan Perangkat Daerah,3.28.01,158259952078,Dinas Kehutanan,1019
4.02.01.1.09,Pemeliharaan Barang Milik Daerah Penunjang Urusan Pemerintahan Daerah,4.02.01,7524899992,Sekretariat Dewan Perwakilan Rakyat Daerah,1002
3.29.01.1.09,Pemeliharaan Barang Milik Daerah Penunjang Urusan Pemerintahan Daerah,3.29.01,3194300496,Dinas Energi dan Sumber Daya Mineral,1013
2.24.02.1.03,Pengelolaan Simpul Jaringan dalam Sistem Informasi Kearsipan Nasional Tingkat Provinsi,2.24.02,40625000,Dinas Perpustakaan dan Kearsipan,1040
5.04.01.1.09,Pemeliharaan Barang Milik Daerah Penunjang Urusan Pemerintahan Daerah,5.04.01,2098641854,Badan Pengembangan Sumber Daya Manusia,1031
1.03.03.1.01,Pengelolaan dan Pengembangan Sistem Penyediaan Air Minum (SPAM) Lintas Kabupaten/Kota,1.03.03,7100000000,Dinas Perumahan dan Permukiman,1012
2.15.03.1.01,Penerbitan Izin Usaha Angkutan Laut bagi Badan Usaha yang Berdomisili dalam Wilayah dan Beroperasi pada Lintas Pelabuhan antar Daerah Kabupaten/Kota dalam Wilayah Daerah Provinsi,2.15.03,70000000,Dinas Perhubungan,1008
1.02.02.1.01,"Penyediaan Fasilitas Pelayanan, Sarana, Prasarana dan Alat Kesehatan untuk UKP Rujukan, UKM dan UKM Rujukan Tingkat Daerah Provinsi",1.02.02,237015217307,Dinas Kesehatan,1004
1.06.01.1.01,"Perencanaan, Penganggaran, dan Evaluasi Kinerja Perangkat Daerah",1.06.01,344818923,Dinas Sosial,1006
5.05.01.1.06,Administrasi Umum Perangkat Daerah,5.05.01,1428826261,Badan Penelitian dan Pengembangan Daerah,1045
5.02.01.1.01,"Perencanaan, Penganggaran, dan Evaluasi Kinerja Perangkat Daerah",5.02.01,1281511330,Badan Pendapatan Daerah,1005
3.26.02.1.01,Pengelolaan Daya Tarik Wisata Provinsi,3.26.02,2430900000,Dinas Pariwisata dan Kebudayaan,1009
2.14.04.1.01,Pengelolaan Pelaksanaan Desain Program Pembangunan Keluarga Melalui Pembinaan Ketahanan dan Kesejahteraan Keluarga,2.14.04,9481427800,"Dinas Pemberdayaan Perempuan, Perlindungan Anak, dan Keluarga Berencana",1041
2.15.05.1.03,Penetapan Jaringan Jalur Kereta Api yang Jaringannya Melebihi Wilayah 1 (satu) Daerah Kabupaten/Kota dalam 1 (satu) Daerah Provinsi,2.15.05,650000000,Dinas Perhubungan,1008
3.27.01.1.05,Administrasi Kepegawaian Perangkat Daerah,3.27.01,452270000,Dinas Perkebunan,1020
2.23.02.1.02,Pembudayaan Gemar Membaca Tingkat Daerah Provinsi,2.23.02,144333035,Dinas Perpustakaan dan Kearsipan,1040
2.13.04.1.01,Pembinaan dan Pengawasan Penyelenggaraan Pemerintahan Desa,2.13.04,40864810854,Dinas Pemberdayaan Masyarakat dan Desa,1042
5.05.02.1.02,Penelitian dan Pengembangan Bidang Sosial dan Kependudukan,5.05.02,1274900000,Badan Penelitian dan Pengembangan Daerah,1045
3.27.02.1.01,Pengawasan Peredaran Sarana Pertanian,3.27.02,891860875,Dinas Tanaman Pangan dan Hortikultura,1016
2.11.01.1.06,Administrasi Umum Perangkat Daerah,2.11.01,5888623078,Dinas Lingkungan Hidup,1034
1.02.01.1.09,Pemeliharaan Barang Milik Daerah Penunjang Urusan Pemerintahan Daerah,1.02.01,12871127021,Dinas Kesehatan,1004
2.17.08.1.01,Pengembangan Usaha Kecil dengan Orientasi Peningkatan Skala Usaha Menjadi Usaha Menengah,2.17.08,6686491700,Dinas Koperasi dan Usaha Kecil,1014
5.04.02.1.01,Pengembangan Kompetensi Teknis,5.04.02,1733080220,Badan Pengembangan Sumber Daya Manusia,1031
5.03.02.1.01,"Pengadaan, Pemberhentian dan Informasi Kepegawaian ASN",5.03.02,8035340050,Badan Kepegawaian Daerah,1030
5.02.02.1.05,Penunjang Urusan Kewenangan Pengelolaan Keuangan Daerah,5.02.02,12747865195518,Badan Pengelolaan Keuangan dan Aset Daerah,1024
8.01.01.1.05,Administrasi Kepegawaian Perangkat Daerah,8.01.01,50000000,Badan Kesatuan Bangsa dan Politik,1035
8.01.06.1.01,Perumusan Kebijakan Teknis dan Pelaksanaan Pemantapan Kewaspadaan Nasional dan Penanganan Konflik Sosial,8.01.06,1168000000,Badan Kesatuan Bangsa dan Politik,1035
4.01.03.1.02,Pelaksanaan Otonomi Daerah,4.01.03,3193883680,Sekretariat Daerah,1001
1.04.02.1.01,Pendataan Penyediaan dan Rehabilitasi Rumah Korban Bencana atau Relokasi Program Provinsi,1.04.02,100000000,Dinas Perumahan dan Permukiman,1012
1.06.01.1.05,Administrasi Kepegawaian Perangkat Daerah,1.06.01,209540000,Dinas Sosial,1006
2.16.01.1.02,Administrasi Keuangan Perangkat Daerah,2.16.01,26002375683,Dinas Komunikasi dan Informatika,1022
2.15.03.1.09,"Pembangunan, Penerbitan Izin Pembangunan dan Pengoperasian Pelabuhan Pengumpan Regional",2.15.03,820000000,Dinas Perhubungan,1008
5.03.02.1.04,Penilaian dan Evaluasi Kinerja Aparatur,5.03.02,1611649400,Badan Kepegawaian Daerah,1030
5.05.01.1.01,"Perencanaan, Penganggaran, dan Evaluasi Kinerja Perangkat Daerah",5.05.01,75000000,Badan Penelitian dan Pengembangan Daerah,1045
3.25.05.1.01,Pengawasan Sumber Daya Kelautan dan Perikanan sampai dengan 12 Mil,3.25.05,2660856403,Dinas Kelautan dan Perikanan,1018
2.11.09.1.01,Pemberian Penghargaan Lingkungan Hidup Tingkat Daerah Provinsi,2.11.09,504509200,Dinas Lingkungan Hidup,1034
2.17.06.1.01,Pemberdayaan dan Perlindungan Koperasi yang Keanggotaannya Lintas Daerah Kabupaten/Kota dalam 1 (satu) Daerah Provinsi,2.17.06,3435536403,Dinas Koperasi dan Usaha Kecil,1014
2.16.01.1.06,Administrasi Umum Perangkat Daerah,2.16.01,1864011390,Dinas Komunikasi dan Informatika,1022
3.30.06.1.03,Pelaksanaan Pengawasan Barang Beredar dan/atau Jasa di Seluruh Daerah Kabupaten/Kota,3.30.06,781252480,Dinas Perindustrian dan Perdagangan,1015
3.28.03.1.05,Pelaksanaan Perlindungan Hutan di Hutan Lindung dan Hutan Produksi,3.28.03,250000000,Dinas Kehutanan,1019
2.11.07.1.01,"Pengakuan MHA dan Kearifan Lokal, Pengetahuan Tradisional dan Hak MHA yang terkait dengan PPLH",2.11.07,111330000,Dinas Lingkungan Hidup,1034
1.06.01.1.02,Administrasi Keuangan Perangkat Daerah,1.06.01,75816477347,Dinas Sosial,1006
2.09.04.1.01,Penyusunan Peta Kerentanan dan Ketahanan Pangan kewenangan Provinsi,2.09.04,50000000,Dinas Ketahanan Pangan dan Peternakan,1017
2.12.02.1.02,Penyelenggaraan Pendaftaran Kependudukan,2.12.02,103181875,Dinas Kependudukan dan Pencatatan Sipil,1023
1.03.08.1.01,Penetapan dan Penyelenggaraan Bangunan Gedung untuk Kepentingan Strategis Daerah Provinsi,1.03.08,371187147675,Dinas Bina Marga dan Penataan Ruang,1010
3.27.01.1.07,Pengadaan Barang Milik Daerah Penunjang Urusan Pemerintah Daerah,3.27.01,252577500,Dinas Tanaman Pangan dan Hortikultura,1016
2.09.05.1.01,Pelaksanaan Pengawasan Keamanan Pangan Segar Distribusi Lintas Daerah Kabupaten/Kota,2.09.05,2648845160,Dinas Ketahanan Pangan dan Peternakan,1017
2.17.01.1.07,Pengadaan Barang Milik Daerah Penunjang Urusan Pemerintah Daerah,2.17.01,1247369154,Dinas Koperasi dan Usaha Kecil,1014
4.01.03.1.03,Fasilitasi Kerjasama Daerah,4.01.03,24366028561,Sekretariat Daerah,1001
1.05.01.1.08,Penyediaan Jasa Penunjang Urusan Pemerintahan Daerah,1.05.01,644362844,Satuan Polisi dan Pamong Praja,1027
3.25.03.1.01,Pengelolaan Penangkapan Ikan di Wilayah Laut Sampai Dengan 12 Mil,3.25.03,3694872956,Dinas Kelautan dan Perikanan,1018
2.16.03.1.02,Pengelolaan e-government di Lingkup Pemerintah Daerah Provinsi,2.16.03,106190799005,Dinas Komunikasi dan Informatika,1022
2.19.02.1.02,Pemberdayaan dan Pengembangan Organisasi Kepemudaan Tingkat Daerah Provinsi,2.19.02,7400000000,Dinas Pemuda dan Olahraga,1021
3.27.01.1.02,Administrasi Keuangan Perangkat Daerah,3.27.01,125365347182,Dinas Tanaman Pangan dan Hortikultura,1016
2.19.03.1.01,Pembinaan dan Pengembangan Olahraga Pendidikan pada Jenjang Pendidikan yang Menjadi Kewenangan Daerah Provinsi,2.19.03,6095200000,Dinas Pemuda dan Olahraga,1021
5.01.03.1.02,Koordinasi Perencanaan Bidang Perekonomian dan SDA (Sumber Daya Alam),5.01.03,2775077600,Badan Perencanaan Pembangunan Daerah,1026
1.03.01.1.09,Pemeliharaan Barang Milik Daerah Penunjang Urusan Pemerintahan Daerah,1.03.01,7745480844,Dinas Sumber Daya Air,1011
2.13.01.1.05,Administrasi Kepegawaian Perangkat Daerah,2.13.01,123440000,Dinas Pemberdayaan Masyarakat dan Desa,1042
4.01.06.1.02,Pengelolaan Kebijakan dan Koordinasi Sumber Daya Alam,4.01.06,1000000000,Sekretariat Daerah,1001
3.27.01.1.02,Administrasi Keuangan Perangkat Daerah,3.27.01,30804265523,Dinas Perkebunan,1020
1.05.01.1.02,Administrasi Keuangan Perangkat Daerah,1.05.01,20775987828,Satuan Polisi dan Pamong Praja,1027
1.01.02.1.03,Pengelolaan Pendidikan Khusus,1.01.02,165253520727,Dinas Pendidikan,1003
1.05.01.1.07,Pengadaan Barang Milik Daerah Penunjang Urusan Pemerintah Daerah,1.05.01,66122870,Badan Penanggulangan Bencana Daerah,1080
4.02.02.1.03,Pengawasan Penyelenggaraan Pemerintahan,4.02.02,42138551815,Sekretariat Dewan Perwakilan Rakyat Daerah,1002
2.15.01.1.06,Administrasi Umum Perangkat Daerah,2.15.01,6211066291,Dinas Perhubungan,1008
2.23.01.1.02,Administrasi Keuangan Perangkat Daerah,2.23.01,35752649726,Dinas Perpustakaan dan Kearsipan,1040
1.03.01.1.02,Administrasi Keuangan Perangkat Daerah,1.03.01,102622610665,Dinas Bina Marga dan Penataan Ruang,1010
2.08.03.1.01,Pencegahan Kekerasan terhadap Perempuan yang melibatkan para Pihak Lingkup Daerah Provinsi dan Lintas Daerah Kabupaten/Kota,2.08.03,356858650,"Dinas Pemberdayaan Perempuan, Perlindungan Anak, dan Keluarga Berencana",1041
1.01.02.1.02,Pengelolaan Pendidikan Sekolah Menengah Kejuruan,1.01.02,2582050253730,Dinas Pendidikan,1003
1.02.05.1.02,Pelaksanaan Komunikasi Informasi dan Edukasi (KIE) Perilaku Hidup Bersih dan Sehat dalam rangka Promotif Preventif Tingkat Daerah Provinsi,1.02.05,3011572180,Dinas Kesehatan,1004
2.15.03.1.08,Penetapan Rencana Induk dan Daerah Lingkungan Kerja (DLKR)/Daerah Lingkungan Kepentingan (DLKP) Pelabuhan Pengumpan Regional,2.15.03,0,Dinas Perhubungan,1008
6.01.01.1.08,Penyediaan Jasa Penunjang Urusan Pemerintahan Daerah,6.01.01,2834818500,Inspektorat,1025
3.27.01.1.09,Pemeliharaan Barang Milik Daerah Penunjang Urusan Pemerintahan Daerah,3.27.01,3666077288,Dinas Perkebunan,1020
1.02.03.1.01,Perencanaan Kebutuhan Sumber Daya Manusia Kesehatan untuk UKM dan UKP Provinsi,1.02.03,181697185422,Dinas Kesehatan,1004
3.31.01.1.02,Administrasi Keuangan Perangkat Daerah,3.31.01,50766316740,Dinas Perindustrian dan Perdagangan,1015
5.02.01.1.02,Administrasi Keuangan Perangkat Daerah,5.02.01,70575642769,Badan Pengelolaan Keuangan dan Aset Daerah,1024
1.03.01.1.09,Pemeliharaan Barang Milik Daerah Penunjang Urusan Pemerintahan Daerah,1.03.01,5165691673,Dinas Bina Marga dan Penataan Ruang,1010
5.02.01.1.06,Administrasi Umum Perangkat Daerah,5.02.01,7779490736,Badan Pengelolaan Keuangan dan Aset Daerah,1024
1.03.08.1.01,Penetapan dan Penyelenggaraan Bangunan Gedung untuk Kepentingan Strategis Daerah Provinsi,1.03.08,88686688890,Dinas Perumahan dan Permukiman,1012
3.30.01.1.09,Pemeliharaan Barang Milik Daerah Penunjang Urusan Pemerintahan Daerah,3.30.01,1275916863,Dinas Perindustrian dan Perdagangan,1015
2.11.11.1.01,Penanganan Sampah di TPA/TPST Regional,2.11.11,58409333925,Dinas Lingkungan Hidup,1034
1.02.05.1.01,"Advokasi, Pemberdayaan, Kemitraan, Peningkatan Peran Serta Masyarakat dan Lintas Sektor Tingkat Daerah Provinsi",1.02.05,192082852,Dinas Kesehatan,1004
3.30.05.1.01,Penyelenggaraan Promosi Dagang melalui Pameran Dagang dan Misi Dagang bagi Produk Ekspor Unggulan yang terdapat pada lebih dari 1 (satu) Daerah Kabupaten/Kota dalam Provinsi,3.30.05,1468484836,Dinas Perindustrian dan Perdagangan,1015
2.08.01.1.09,Pemeliharaan Barang Milik Daerah Penunjang Urusan Pemerintahan Daerah,2.08.01,1195508302,"Dinas Pemberdayaan Perempuan, Perlindungan Anak, dan Keluarga Berencana",1041
3.30.02.1.04,Penerbitan Surat Keterangan Asal (SKA) Bagi Daerah Provinsi yang Telah Ditetapkan Sebagai Instansi Penerbit SKA dan Angka Pengenal Importir (API),3.30.02,278557730,Dinas Perindustrian dan Perdagangan,1015
2.15.02.1.02,Penyediaan Perlengkapan Jalan di Jalan Provinsi,2.15.02,3937210234,Dinas Perhubungan,1008
2.08.05.1.01,"Pengumpulan, Pengolahan Analisis dan Penyajian Data Gender dan Anak dalam Kelembagaan Data di Tingkat Daerah Provinsi",2.08.05,478000000,"Dinas Pemberdayaan Perempuan, Perlindungan Anak, dan Keluarga Berencana",1041
1.01.04.1.01,Pemindahan Pendidik dan Tenaga Kependidikan Lintas Kabupaten/Kota dalam 1 (satu) Provinsi,1.01.04,5725000000,Dinas Pendidikan,1003
3.25.03.1.06,Penetapan Lokasi Pembangunan serta Pengelolaan Pelabuhan Perikanan Provinsi,3.25.03,14122638000,Dinas Kelautan dan Perikanan,1018
3.28.03.1.01,Pengelolaan Rencana Tata Hutan Kesatuan Pengelolaan Hutan (KPH) Kewenangan Provinsi,3.28.03,225000000,Dinas Kehutanan,1019
4.01.02.1.01,Fasilitasi Kelembagaan dan Analisis Jabatan,4.01.02,1033097250,Sekretariat Daerah,1001
2.17.01.1.05,Administrasi Kepegawaian Perangkat Daerah,2.17.01,103960000,Dinas Koperasi dan Usaha Kecil,1014
1.02.01.1.06,Administrasi Umum Perangkat Daerah,1.02.01,15884583169,Dinas Kesehatan,1004
2.07.05.1.03,"Penetapan Upah Minimum Provinsi (UMP), Upah Minimum Sektoral Provinsi (UMSP), Upah Minimum Kabupaten/Kota (UMK), dan Upah Minimum Sektoral Kabupaten/Kota (UMSK)",2.07.05,828964170,Dinas Tenaga Kerja dan Transmigrasi,1007
1.03.05.1.01,Pengelolaan dan Pengembangan Sistem Air Limbah Domestik Regional,1.03.05,890000000,Dinas Perumahan dan Permukiman,1012
3.29.01.1.05,Administrasi Kepegawaian Perangkat Daerah,3.29.01,155000000,Dinas Energi dan Sumber Daya Mineral,1013
2.19.03.1.04,Pembinaan dan Pengembangan Organisasi Olahraga,2.19.03,24550000000,Dinas Pemuda dan Olahraga,1021
3.26.05.1.01,Pelaksanaan Peningkatan Kapasitas Sumber Daya Manusia Pariwisata dan Ekonomi Kreatif Tingkat Lanjutan,3.26.05,10499334009,Dinas Pariwisata dan Kebudayaan,1009
4.02.01.1.08,Penyediaan Jasa Penunjang Urusan Pemerintahan Daerah,4.02.01,18395503554,Sekretariat Dewan Perwakilan Rakyat Daerah,1002
2.19.01.1.08,Penyediaan Jasa Penunjang Urusan Pemerintahan Daerah,2.19.01,7971718496,Dinas Pemuda dan Olahraga,1021
1.01.01.1.09,Pemeliharaan Barang Milik Daerah Penunjang Urusan Pemerintahan Daerah,1.01.01,10346450655,Dinas Pendidikan,1003
4.02.02.1.05,Penyerapan dan Penghimpunan Aspirasi Masyarakat,4.02.02,56199866640,Sekretariat Dewan Perwakilan Rakyat Daerah,1002
3.29.02.1.01,Penetapan Zona Konservasi Air Tanah pada Cekungan Air Tanah dalam Daerah Provinsi,3.29.02,503979176,Dinas Energi dan Sumber Daya Mineral,1013
1.04.01.1.02,Administrasi Keuangan Perangkat Daerah,1.04.01,31477979284,Dinas Perumahan dan Permukiman,1012
1.03.01.1.06,Administrasi Umum Perangkat Daerah,1.03.01,2942159309,Dinas Bina Marga dan Penataan Ruang,1010
2.22.01.1.09,Pemeliharaan Barang Milik Daerah Penunjang Urusan Pemerintahan Daerah,2.22.01,110450000,Dinas Pariwisata dan Kebudayaan,1009
5.01.01.1.06,Administrasi Umum Perangkat Daerah,5.01.01,5960132322,Badan Perencanaan Pembangunan Daerah,1026
2.14.02.1.01,Pemaduan dan Sinkronisasi Kebijakan Pemerintah Pusat dengan Pemerintah Daerah Provinsi dalam rangka Pengendalian Kuantitas Penduduk,2.14.02,10375000000,"Dinas Pemberdayaan Perempuan, Perlindungan Anak, dan Keluarga Berencana",1041
2.07.05.1.02,"Pencegahan dan Penyelesaian Perselisihan Hubungan Industrial, Mogok Kerja, dan Penutupan Perusahaan yang Berakibat/Berdampak pada Kepentingan di 1 (satu) Daerah Provinsi",2.07.05,1078818440,Dinas Tenaga Kerja dan Transmigrasi,1007
2.15.01.1.05,Administrasi Kepegawaian Perangkat Daerah,2.15.01,46950000,Badan Penghubung,1043
1.06.02.1.01,Penerbitan Izin Pengumpulan Sumbangan Lintas Daerah Kabupaten/Kota dalam 1 (satu) Daerah Provinsi,1.06.02,47148415,Dinas Sosial,1006
3.25.06.1.01,Penerbitan Izin Usaha Pemasaran dan Pengolahan Hasil Perikanan Lintas Daerah Kabupaten/Kota dalam 1 (satu) Daerah Provinsi,3.25.06,163627500,Dinas Kelautan dan Perikanan,1018
2.18.01.1.05,Administrasi Kepegawaian Perangkat Daerah,2.18.01,0,Dinas Penanaman Modal dan Pelayanan Terpadu Satu Pintu,1046
2.23.01.1.08,Penyediaan Jasa Penunjang Urusan Pemerintahan Daerah,2.23.01,6162377400,Dinas Perpustakaan dan Kearsipan,1040
2.08.07.1.01,Pencegahan Kekerasan terhadap Anak yang Melibatkan para Pihak Lingkup Daerah Provinsi dan Lintas Daerah Kabupaten/Kota,2.08.07,100000000,"Dinas Pemberdayaan Perempuan, Perlindungan Anak, dan Keluarga Berencana",1041
3.30.06.1.01,Pelaksanaan Perlindungan Konsumen di Seluruh Daerah Kabupaten/Kota,3.30.06,5095526030,Dinas Perindustrian dan Perdagangan,1015
5.04.01.1.02,Administrasi Keuangan Perangkat Daerah,5.04.01,34976114798,Badan Pengembangan Sumber Daya Manusia,1031
2.22.05.1.01,Penetapan Cagar Budaya Peringkat Provinsi,2.22.05,442500000,Dinas Pariwisata dan Kebudayaan,1009
2.16.01.1.09,Pemeliharaan Barang Milik Daerah Penunjang Urusan Pemerintahan Daerah,2.16.01,1524204550,Dinas Komunikasi dan Informatika,1022
3.25.01.1.07,Pengadaan Barang Milik Daerah Penunjang Urusan Pemerintah Daerah,3.25.01,694344557,Dinas Kelautan dan Perikanan,1018
1.03.12.1.02,Koordinasi dan Sinkronisasi Perencanaan Tata Ruang,1.03.12,863847334,Dinas Bina Marga dan Penataan Ruang,1010
2.11.02.1.01,Rencana Perlindungan dan Pengelolaan Lingkungan Hidup (RPPLH) Provinsi,2.11.02,570303680,Dinas Lingkungan Hidup,1034
1.04.05.1.01,Urusan Penyelenggaraan PSU Permukiman,1.04.05,3247000000,Dinas Perumahan dan Permukiman,1012
1.03.01.1.07,Pengadaan Barang Milik Daerah Penunjang Urusan Pemerintah Daerah,1.03.01,486321454,Dinas Sumber Daya Air,1011
8.01.01.1.09,Pemeliharaan Barang Milik Daerah Penunjang Urusan Pemerintahan Daerah,8.01.01,2109772600,Badan Kesatuan Bangsa dan Politik,1035
1.04.01.1.07,Pengadaan Barang Milik Daerah Penunjang Urusan Pemerintah Daerah,1.04.01,708652676,Dinas Perumahan dan Permukiman,1012
1.02.04.1.01,Penerbitan Pengakuan Pedagang Besar Farmasi (PBF) Cabang dan Cabang Penyalur Alat Kesehatan (PAK),1.02.04,106918019,Dinas Kesehatan,1004
4.01.04.1.01,Fasilitasi Pembinaan Mental Spiritual,4.01.04,218408956174,Sekretariat Daerah,1001
1.03.12.1.04,Koordinasi dan Sinkronisasi Pengendalian Pemanfataan Ruang Daerah Provinsi,1.03.12,3121991056,Dinas Bina Marga dan Penataan Ruang,1010
3.26.01.1.05,Administrasi Kepegawaian Perangkat Daerah,3.26.01,211000000,Dinas Pariwisata dan Kebudayaan,1009
2.08.02.1.03,Penguatan dan Pengembangan Lembaga Penyedia Layanan Pemberdayaan Perempuan Kewenangan Provinsi,2.08.02,570550000,"Dinas Pemberdayaan Perempuan, Perlindungan Anak, dan Keluarga Berencana",1041
3.27.01.1.06,Administrasi Umum Perangkat Daerah,3.27.01,5007067422,Dinas Perkebunan,1020
2.07.01.1.08,Penyediaan Jasa Penunjang Urusan Pemerintahan Daerah,2.07.01,10416141819,Dinas Tenaga Kerja dan Transmigrasi,1007
3.31.01.1.09,Pemeliharaan Barang Milik Daerah Penunjang Urusan Pemerintahan Daerah,3.31.01,3316170454,Dinas Perindustrian dan Perdagangan,1015
2.16.01.1.05,Administrasi Kepegawaian Perangkat Daerah,2.16.01,100000000,Dinas Komunikasi dan Informatika,1022
2.18.04.1.02,Penanaman Modal yang Menurut Ketentuan Peraturan Perundangan-Undangan Menjadi Kewenangan Daerah Provinsi,2.18.04,600000000,Dinas Penanaman Modal dan Pelayanan Terpadu Satu Pintu,1046
3.27.02.1.04,"Peningkatan Ketersediaan dan Mutu Benih/Bibit Ternak dan Tanaman Pakan Ternak, Bahan Pakan, serta Pakan Kewenangan Provinsi",3.27.02,15900680852,Dinas Ketahanan Pangan dan Peternakan,1017
1.05.03.1.03,Pelayanan Penyelamatan dan Evakuasi Korban Bencana,1.05.03,3461024687,Badan Penanggulangan Bencana Daerah,1080
3.28.06.1.01,Pelaksanaan Pengelolaan DAS Lintas Daerah Kabupaten/Kota dan dalam Daerah Kabupaten/Kota dalam 1 (satu) Daerah Provinsi,3.28.06,250000000,Dinas Kehutanan,1019
1.03.11.1.03,Kebijakan Khusus terhadap Penyelenggaraan Jasa Konstruksi,1.03.11,245761840,Dinas Bina Marga dan Penataan Ruang,1010
3.27.03.1.02,Pengelolaan Wilayah Sumber Bibit Ternak dan Rumpun/Galur Ternak yang Wilayahnya Lebih Dari 1 (satu) Daerah Kabupaten/Kota dalam 1 (satu) Daerah Provinsi,3.27.03,1309038124,Dinas Ketahanan Pangan dan Peternakan,1017
3.25.05.1.02,"Pengawasan Sumber Daya Perikanan di Wilayah Sungai, Danau, Waduk, Rawa, dan Genangan Air Lainnya yang dapat diusahakan Lintas Kabupaten/Kota dalam 1 (satu) Daerah Provinsi",3.25.05,514943440,Dinas Kelautan dan Perikanan,1018
4.01.04.1.03,Fasilitasi Pengembangan Kesejahteraan Rakyat Non Pelayanan Dasar,4.01.04,1480000000,Sekretariat Daerah,1001
2.11.01.1.09,Pemeliharaan Barang Milik Daerah Penunjang Urusan Pemerintahan Daerah,2.11.01,5021821613,Dinas Lingkungan Hidup,1034
2.19.02.1.01,"Penyadaran, Pemberdayaan, dan Pengembangan Pemuda dan Kepemudaan Kewenangan Provinsi",2.19.02,8590271625,Dinas Pemuda dan Olahraga,1021
2.19.01.1.01,"Perencanaan, Penganggaran, dan Evaluasi Kinerja Perangkat Daerah",2.19.01,861220000,Dinas Pemuda dan Olahraga,1021
5.01.02.1.01,Penyusunan Perencanaan dan Pendanaan,5.01.02,5528225120,Badan Perencanaan Pembangunan Daerah,1026
2.15.01.1.09,Pemeliharaan Barang Milik Daerah Penunjang Urusan Pemerintahan Daerah,2.15.01,4380595135,Dinas Perhubungan,1008
5.02.01.1.05,Administrasi Kepegawaian Perangkat Daerah,5.02.01,425000000,Badan Pengelolaan Keuangan dan Aset Daerah,1024
1.01.01.1.07,Pengadaan Barang Milik Daerah Penunjang Urusan Pemerintah Daerah,1.01.01,21358199186,Dinas Pendidikan,1003
5.02.01.1.09,Pemeliharaan Barang Milik Daerah Penunjang Urusan Pemerintahan Daerah,5.02.01,13614098046,Badan Pendapatan Daerah,1005
2.12.03.1.01,Pelayanan Pencatatan Sipil,2.12.03,385454830,Dinas Kependudukan dan Pencatatan Sipil,1023
1.06.04.1.02,Rehabilitasi Sosial Dasar Anak Terlantar di Dalam Panti,1.06.04,9576366491,Dinas Sosial,1006
2.23.01.1.06,Administrasi Umum Perangkat Daerah,2.23.01,1750029470,Dinas Perpustakaan dan Kearsipan,1040
1.05.01.1.01,"Perencanaan, Penganggaran, dan Evaluasi Kinerja Perangkat Daerah",1.05.01,481850000,Badan Penanggulangan Bencana Daerah,1080
1.06.07.1.01,Pengelolaan Taman Makam Pahlawan Nasional Provinsi,1.06.07,1119861336,Dinas Sosial,1006
5.02.01.1.02,Administrasi Keuangan Perangkat Daerah,5.02.01,229897415766,Badan Pendapatan Daerah,1005
2.09.01.1.01,"Perencanaan, Penganggaran, dan Evaluasi Kinerja Perangkat Daerah",2.09.01,559318234,Dinas Ketahanan Pangan dan Peternakan,1017
2.09.04.1.02,Penanganan Kerawanan Pangan Kewenangan Provinsi,2.09.04,164130000,Dinas Ketahanan Pangan dan Peternakan,1017
6.01.02.1.01,Penyelenggaraan Pengawasan Internal,6.01.02,22549391211,Inspektorat,1025
3.27.07.1.02,Pengembangan Penerapan Penyuluhan Pertanian,3.27.07,3733632000,Dinas Perkebunan,1020
3.29.03.1.04,"Penatausahaan Izin Pertambangan Rakyat untuk Komoditas Mineral Logam, Batubara, Mineral Bukan Logam, dan Batuan dalam Wilayah Pertambangan Rakyat",3.29.03,177640000,Dinas Energi dan Sumber Daya Mineral,1013
3.27.06.1.01,Penerbitan Izin Usaha Pertanian yang Kegiatan Usahanya dalam Daerah Kabupaten/Kota,3.27.06,330000000,Dinas Perkebunan,1020
5.02.02.1.06,Pengelolaan Data dan Implementasi Sistem Informasi Pemerintah Daerah Lingkup Keuangan Daerah,5.02.02,4925000000,Badan Pengelolaan Keuangan dan Aset Daerah,1024
5.01.01.1.03,Administrasi Barang Milik Daerah pada Perangkat Daerah,5.01.01,203382700,Badan Perencanaan Pembangunan Daerah,1026
2.18.01.1.06,Administrasi Umum Perangkat Daerah,2.18.01,1570305720,Dinas Penanaman Modal dan Pelayanan Terpadu Satu Pintu,1046
2.17.01.1.08,Penyediaan Jasa Penunjang Urusan Pemerintahan Daerah,2.17.01,9520601688,Dinas Koperasi dan Usaha Kecil,1014
3.27.01.1.09,Pemeliharaan Barang Milik Daerah Penunjang Urusan Pemerintahan Daerah,3.27.01,6851583471,Dinas Tanaman Pangan dan Hortikultura,1016
1.05.01.1.09,Pemeliharaan Barang Milik Daerah Penunjang Urusan Pemerintahan Daerah,1.05.01,1045544575,Badan Penanggulangan Bencana Daerah,1080
1.04.01.1.06,Administrasi Umum Perangkat Daerah,1.04.01,4954807712,Dinas Perumahan dan Permukiman,1012
2.17.01.1.02,Administrasi Keuangan Perangkat Daerah,2.17.01,21659111247,Dinas Koperasi dan Usaha Kecil,1014
1.05.02.1.02,Penegakan Peraturan Daerah Provinsi dan Peraturan Gubernur,1.05.02,5955238962,Satuan Polisi dan Pamong Praja,1027
3.27.01.1.08,Penyediaan Jasa Penunjang Urusan Pemerintahan Daerah,3.27.01,20918194910,Dinas Tanaman Pangan dan Hortikultura,1016
4.01.01.1.03,Administrasi Barang Milik Daerah pada Perangkat Daerah,4.01.01,1489596516,Sekretariat Daerah,1001
3.26.02.1.02,Pengelolaan Kawasan Strategis Pariwisata Provinsi,3.26.02,1504144000,Dinas Pariwisata dan Kebudayaan,1009
4.01.02.1.02,Fasilitasi Reformasi Birokrasi dan Akuntabilitas Kinerja,4.01.02,2926243798,Sekretariat Daerah,1001
4.02.02.1.01,Pembentukan Perda dan Peraturan DPRD,4.02.02,2398523360,Sekretariat Dewan Perwakilan Rakyat Daerah,1002
2.16.02.1.01,Pengelolaan Informasi dan Komunikasi Publik Pemerintah Daerah Provinsi,2.16.02,75741500783,Dinas Komunikasi dan Informatika,1022
6.01.01.1.05,Administrasi Kepegawaian Perangkat Daerah,6.01.01,510840000,Inspektorat,1025
2.13.01.1.07,Pengadaan Barang Milik Daerah Penunjang Urusan Pemerintah Daerah,2.13.01,650417826,Dinas Pemberdayaan Masyarakat dan Desa,1042
3.29.01.1.02,Administrasi Keuangan Perangkat Daerah,3.29.01,54420258648,Dinas Energi dan Sumber Daya Mineral,1013
3.29.01.1.06,Administrasi Umum Perangkat Daerah,3.29.01,3496513878,Dinas Energi dan Sumber Daya Mineral,1013
3.27.01.1.08,Penyediaan Jasa Penunjang Urusan Pemerintahan Daerah,3.27.01,5314696231,Dinas Perkebunan,1020
2.20.02.1.01,Penyelenggaraan Statistik Sektoral di Lingkup Daerah Provinsi,2.20.02,2425446624,Dinas Komunikasi dan Informatika,1022
2.11.01.1.02,Administrasi Keuangan Perangkat Daerah,2.11.01,30950742615,Dinas Lingkungan Hidup,1034
5.04.01.1.08,Penyediaan Jasa Penunjang Urusan Pemerintahan Daerah,5.04.01,9287186092,Badan Pengembangan Sumber Daya Manusia,1031
3.30.07.1.02,Pelaksanaan Pemasaran Penggunaan Produk Dalam Negeri,3.30.07,0,Dinas Perindustrian dan Perdagangan,1015
4.01.03.1.01,Pelaksanaan Tugas Pemerintahan,4.01.03,1123832442,Sekretariat Daerah,1001
3.25.03.1.10,"Pendaftaran Kapal Perikanan Berukuran sampai dengan 10 GT yang Beroperasi di Laut, Sungai, Danau, Waduk, Rawa, dan Genangan Air Lainnya yang dapat diusahakan Lintas Kabupaten/Kota dalam 1 (satu) Daerah Provinsi",3.25.03,179867400,Dinas Kelautan dan Perikanan,1018
4.02.01.1.01,"Perencanaan, Penganggaran, dan Evaluasi Kinerja Perangkat Daerah",4.02.01,4290583395,Sekretariat Dewan Perwakilan Rakyat Daerah,1002
2.15.01.1.05,Administrasi Kepegawaian Perangkat Daerah,2.15.01,167122080,Dinas Perhubungan,1008
3.25.02.1.02,Penerbitan Izin Pemanfaatan Ruang Laut di Bawah 12 Mil di Luar Minyak dan Gas Bumi,3.25.02,95000000,Dinas Kelautan dan Perikanan,1018
2.12.01.1.06,Administrasi Umum Perangkat Daerah,2.12.01,1738096108,Dinas Kependudukan dan Pencatatan Sipil,1023
2.13.01.1.02,Administrasi Keuangan Perangkat Daerah,2.13.01,17267582771,Dinas Pemberdayaan Masyarakat dan Desa,1042
3.25.04.1.01,Penerbitan Izin Usaha Perikanan di Bidang Pembudidayaan Ikan yang Usahanya Lintas Daerah Kabupaten/Kota dalam 1 (satu) Daerah Provinsi,3.25.04,184000000,Dinas Kelautan dan Perikanan,1018
2.12.01.1.01,"Perencanaan, Penganggaran, dan Evaluasi Kinerja Perangkat Daerah",2.12.01,210000000,Dinas Kependudukan dan Pencatatan Sipil,1023
3.29.01.1.01,"Perencanaan, Penganggaran, dan Evaluasi Kinerja Perangkat Daerah",3.29.01,465020298,Dinas Energi dan Sumber Daya Mineral,1013
3.28.04.1.01,Pengelolaan Taman Hutan Raya (TAHURA) Provinsi,3.28.04,400382228,Dinas Kehutanan,1019
3.30.06.1.02,Pelaksanaan Pengujian dan Sertifikasi Mutu Produk di Seluruh Daerah Kabupaten/Kota,3.30.06,2204420166,Dinas Perindustrian dan Perdagangan,1015
3.25.01.1.05,Administrasi Kepegawaian Perangkat Daerah,3.25.01,12100000,Dinas Kelautan dan Perikanan,1018
2.12.05.1.01,Penyediaan Profil Kependudukan,2.12.05,71730000,Dinas Kependudukan dan Pencatatan Sipil,1023
1.01.02.1.01,Pengelolaan Pendidikan Sekolah Menengah Atas,1.01.02,3089894442748,Dinas Pendidikan,1003
3.25.01.1.09,Pemeliharaan Barang Milik Daerah Penunjang Urusan Pemerintahan Daerah,3.25.01,4090771950,Dinas Kelautan dan Perikanan,1018
1.05.01.1.09,Pemeliharaan Barang Milik Daerah Penunjang Urusan Pemerintahan Daerah,1.05.01,1026070000,Satuan Polisi dan Pamong Praja,1027
3.31.01.1.08,Penyediaan Jasa Penunjang Urusan Pemerintahan Daerah,3.31.01,13282586496,Dinas Perindustrian dan Perdagangan,1015
2.08.06.1.02,Penguatan dan Pengembangan Lembaga Penyedia Layanan Peningkatan Kualitas Hidup Anak Kewenangan Provinsi,2.08.06,374420000,"Dinas Pemberdayaan Perempuan, Perlindungan Anak, dan Keluarga Berencana",1041
3.28.03.1.07,Pelaksanaan Pengolahan Hasil Hutan Kayu dengan Kapasitas Produksi <6000 m3/Tahun,3.28.03,75000000,Dinas Kehutanan,1019
3.29.06.1.01,Penatausahaan Izin Usaha Penyediaan Tenaga Listrik Non Badan Usaha Milik Negara dan Penjualan Tenaga Listrik serta Penyewaan Jaringan kepada Penyedia Tenaga Listrik dalam Daerah Provinsi,3.29.06,350000000,Dinas Energi dan Sumber Daya Mineral,1013
4.01.08.1.01,Pengendalian Administrasi Pelaksanaan Pembangunan Daerah,4.01.08,797888680,Sekretariat Daerah,1001
4.02.01.1.05,Administrasi Kepegawaian Perangkat Daerah,4.02.01,946348500,Sekretariat Dewan Perwakilan Rakyat Daerah,1002
1.02.04.1.02,Penerbitan Izin Usaha Kecil Obat Tradisional (UKOT),1.02.04,68197145,Dinas Kesehatan,1004
3.26.01.1.06,Administrasi Umum Perangkat Daerah,3.26.01,1658613333,Dinas Pariwisata dan Kebudayaan,1009
2.22.06.1.01,Pengelolaan Museum Provinsi,2.22.06,3750000000,Dinas Pariwisata dan Kebudayaan,1009
3.27.07.1.01,Pengembangan Ketenagaan Penyuluhan Pertanian,3.27.07,83177143858,Dinas Tanaman Pangan dan Hortikultura,1016
5.03.02.1.02,Mutasi dan Promosi ASN,5.03.02,2276738000,Badan Kepegawaian Daerah,1030
2.16.03.1.01,Pengelolaan Nama Domain yang Telah ditetapkan oleh Pemerintah Pusat dan Sub Domain di Lingkup Pemerintah Daerah Provinsi,2.16.03,1197825920,Dinas Komunikasi dan Informatika,1022
8.01.01.1.02,Administrasi Keuangan Perangkat Daerah,8.01.01,13323762388,Badan Kesatuan Bangsa dan Politik,1035
4.01.01.1.12,Fasilitasi Kerumahtanggaan Sekretariat Daerah,4.01.01,41556980992,Sekretariat Daerah,1001
2.09.01.1.06,Administrasi Umum Perangkat Daerah,2.09.01,4108529827,Dinas Ketahanan Pangan dan Peternakan,1017
2.11.08.1.01,"Penyelenggaraan Pendidikan, Pelatihan, dan Penyuluhan Lingkungan Hidup untuk Lembaga Kemasyarakatan Tingkat Daerah Provinsi",2.11.08,331760000,Dinas Lingkungan Hidup,1034
5.01.01.1.09,Pemeliharaan Barang Milik Daerah Penunjang Urusan Pemerintahan Daerah,5.01.01,3381743545,Badan Perencanaan Pembangunan Daerah,1026
1.05.01.1.05,Administrasi Kepegawaian Perangkat Daerah,1.05.01,55600000,Satuan Polisi dan Pamong Praja,1027
2.13.03.1.01,Fasilitasi Kerja Sama antar desa yang Menjadi Kewenangan Provinsi,2.13.03,513312000,Dinas Pemberdayaan Masyarakat dan Desa,1042
5.07.02.1.01,Pelaksanaan Pelayanan Penghubung,5.07.02,887337000,Badan Penghubung,1043
2.15.01.1.02,Administrasi Keuangan Perangkat Daerah,2.15.01,52989762812,Dinas Perhubungan,1008
1.05.03.1.01,Pelayanan Informasi Rawan Bencana Provinsi,1.05.03,665356960,Badan Penanggulangan Bencana Daerah,1080
3.27.04.1.01,"Penjaminan Kesehatan Hewan, Penutupan dan Pembukaan Daerah Wabah Penyakit Hewan Menular Lintas Daerah Kabupaten/Kota dalam 1 (satu) Daerah Provinsi",3.27.04,4822870100,Dinas Ketahanan Pangan dan Peternakan,1017
3.27.02.1.05,Pengendalian dan Pengawasan Penyediaan dan Peredaran Benih/Bibit Ternak dan Tanaman Pakan Ternak serta Pakan Kewenangan Provinsi,3.27.02,281179640,Dinas Ketahanan Pangan dan Peternakan,1017
2.22.05.1.02,Pengelolaan Cagar Budaya Peringkat Provinsi,2.22.05,150000000,Dinas Pariwisata dan Kebudayaan,1009
1.03.02.1.02,Pengembangan dan Pengelolaan Sistem Irigasi Primer dan Sekunder pada Daerah Irigasi yang Luasnya 1000 Ha - 3000 Ha dan Daerah Irigasi Lintas Daerah Kabupaten/Kota,1.03.02,133138542593,Dinas Sumber Daya Air,1011
2.11.01.1.08,Penyediaan Jasa Penunjang Urusan Pemerintahan Daerah,2.11.01,11542023880,Dinas Lingkungan Hidup,1034
3.27.02.1.01,Pengawasan Peredaran Sarana Pertanian,3.27.02,7247631660,Dinas Perkebunan,1020
2.07.01.1.01,"Perencanaan, Penganggaran, dan Evaluasi Kinerja Perangkat Daerah",2.07.01,1004670790,Dinas Tenaga Kerja dan Transmigrasi,1007
5.02.01.1.01,"Perencanaan, Penganggaran, dan Evaluasi Kinerja Perangkat Daerah",5.02.01,530363363,Badan Pengelolaan Keuangan dan Aset Daerah,1024
3.27.07.1.02,Pengembangan Penerapan Penyuluhan Pertanian,3.27.07,743160000,Dinas Ketahanan Pangan dan Peternakan,1017
1.02.01.1.10,Peningkatan Pelayanan BLUD,1.02.01,482724563519,Dinas Kesehatan,1004
2.16.01.1.07,Pengadaan Barang Milik Daerah Penunjang Urusan Pemerintah Daerah,2.16.01,720513175,Dinas Komunikasi dan Informatika,1022
5.02.01.1.05,Administrasi Kepegawaian Perangkat Daerah,5.02.01,211500000,Badan Pendapatan Daerah,1005
2.11.04.1.01,Pengelolaan Keanekaragaman Hayati Provinsi,2.11.04,339800000,Dinas Lingkungan Hidup,1034
4.01.06.1.01,Pengelolaan Kebijakan dan Koordinasi Perekonomian,4.01.06,1312780350,Sekretariat Daerah,1001
3.27.07.1.03,Pengembangan Kapasitas Kelembagaan Ekonomi Petani Berbasis Kawasan,3.27.07,2867228169,Dinas Perkebunan,1020
4.01.01.1.02,Administrasi Keuangan Perangkat Daerah,4.01.01,160900000000,Sekretariat Daerah,1001
4.01.02.1.01,Fasilitasi Kelembagaan dan Analisis Jabatan,4.01.02,1033097250,Biro Organisasi,100103010000
4.01.02.1.02,Fasilitasi Reformasi Birokrasi dan Akuntabilitas Kinerja,4.01.02,2926243798,Biro Organisasi,100103010000
4.01.03.1.01,Pelaksanaan Tugas Pemerintahan,4.01.03,1123832442,Biro Pemerintahan dan Otonomi Daerah,100101010000
4.01.03.1.02,Pelaksanaan Otonomi Daerah,4.01.03,3193883680,Biro Pemerintahan dan Otonomi Daerah,100101010000
4.01.03.1.03,Fasilitasi Kerjasama Daerah,4.01.03,24366028561,Biro Pemerintahan dan Otonomi Daerah,100101010000
4.01.04.1.01,Fasilitasi Pembinaan Mental Spiritual,4.01.04,218408956174,Biro Kesejahteraan Rakyat,100101030000
4.01.04.1.02,Fasilitasi Pengembangan Kesejahteraan Rakyat Pelayanan Dasar,4.01.04,87571907500,Biro Kesejahteraan Rakyat,100101030000
4.01.04.1.03,Fasilitasi Pengembangan Kesejahteraan Rakyat Non Pelayanan Dasar,4.01.04,1480000000,Biro Kesejahteraan Rakyat,100101030000
4.01.05.1.01,Fasilitasi Penyusunan Perundang-Undangan,4.01.05,3942218612,Biro Hukum dan Hak Asasi Manusia,100101020000
4.01.05.1.02,Fasilitasi Bantuan Hukum,4.01.05,2283793217,Biro Hukum dan Hak Asasi Manusia,100101020000
4.01.06.1.01,Pengelolaan Kebijakan dan Koordinasi Perekonomian,4.01.06,812780350,"Biro Badan Usaha Milik Daerah, Investasi dan Administrasi Pembangunan",100102020000
4.01.06.1.01,Pengelolaan Kebijakan dan Koordinasi Perekonomian,4.01.06,500000000,Biro Perekonomian,100102010000
4.01.06.1.02,Pengelolaan Kebijakan dan Koordinasi Sumber Daya Alam,4.01.06,1000000000,Biro Perekonomian,100102010000
4.01.06.1.03,Pengelolaan Kebijakan dan Koordinasi BUMD dan BLUD,4.01.06,3905441480,"Biro Badan Usaha Milik Daerah, Investasi dan Administrasi Pembangunan",100102020000
4.01.07.1.01,Pengelolaan Pengadaan Barang dan Jasa,4.01.07,868410000,Biro Pengadaan Barang/Jasa,100102030000
4.01.07.1.02,Pengelolaan Layanan Pengadaan Secara Elektronik,4.01.07,2084289800,Biro Pengadaan Barang/Jasa,100102030000
4.01.07.1.03,Pembinaan dan Advokasi Pengadaan Barang dan Jasa,4.01.07,1099767520,Biro Pengadaan Barang/Jasa,100102030000
4.01.08.1.01,Pengendalian Administrasi Pelaksanaan Pembangunan Daerah,4.01.08,797888680,"Biro Badan Usaha Milik Daerah, Investasi dan Administrasi Pembangunan",100102020000
4.01.01.1.01,"Perencanaan, Penganggaran, dan Evaluasi Kinerja Perangkat Daerah",4.01.01,260408425,Biro Pemerintahan dan Otonomi Daerah,100101010000
4.01.01.1.01,"Perencanaan, Penganggaran, dan Evaluasi Kinerja Perangkat Daerah",4.01.01,640087192,Biro Hukum dan Hak Asasi Manusia,100101020000
4.01.01.1.01,"Perencanaan, Penganggaran, dan Evaluasi Kinerja Perangkat Daerah",4.01.01,2498307923,Biro Kesejahteraan Rakyat,100101030000
4.01.01.1.01,"Perencanaan, Penganggaran, dan Evaluasi Kinerja Perangkat Daerah",4.01.01,609831776,Biro Perekonomian,100102010000
4.01.01.1.01,"Perencanaan, Penganggaran, dan Evaluasi Kinerja Perangkat Daerah",4.01.01,49900000,Biro Pengadaan Barang/Jasa,100102030000
4.01.01.1.01,"Perencanaan, Penganggaran, dan Evaluasi Kinerja Perangkat Daerah",4.01.01,125012240,Biro Administrasi Pimpinan,100103020000
4.01.01.1.01,"Perencanaan, Penganggaran, dan Evaluasi Kinerja Perangkat Daerah",4.01.01,1606800177,Biro Umum,100103030000
4.01.01.1.02,Administrasi Keuangan Perangkat Daerah,4.01.01,160900000000,Biro Umum,100103030000
4.01.01.1.03,Administrasi Barang Milik Daerah pada Perangkat Daerah,4.01.01,1489596516,Biro Umum,100103030000
4.01.01.1.05,Administrasi Kepegawaian Perangkat Daerah,4.01.01,468913167,Biro Kesejahteraan Rakyat,100101030000
4.01.01.1.05,Administrasi Kepegawaian Perangkat Daerah,4.01.01,145749178,"Biro Badan Usaha Milik Daerah, Investasi dan Administrasi Pembangunan",100102020000
4.01.01.1.05,Administrasi Kepegawaian Perangkat Daerah,4.01.01,250000000,Biro Pengadaan Barang/Jasa,100102030000
4.01.01.1.05,Administrasi Kepegawaian Perangkat Daerah,4.01.01,1831000000,Biro Umum,100103030000
4.01.01.1.06,Administrasi Umum Perangkat Daerah,4.01.01,628966619,Biro Pemerintahan dan Otonomi Daerah,100101010000
4.01.01.1.06,Administrasi Umum Perangkat Daerah,4.01.01,1457229449,Biro Hukum dan Hak Asasi Manusia,100101020000
4.01.01.1.06,Administrasi Umum Perangkat Daerah,4.01.01,1521373378,Biro Kesejahteraan Rakyat,100101030000
4.01.01.1.06,Administrasi Umum Perangkat Daerah,4.01.01,1795923387,"Biro Badan Usaha Milik Daerah, Investasi dan Administrasi Pembangunan",100102020000
4.01.01.1.06,Administrasi Umum Perangkat Daerah,4.01.01,2083071924,Biro Perekonomian,100102010000
4.01.01.1.06,Administrasi Umum Perangkat Daerah,4.01.01,1930190109,Biro Pengadaan Barang/Jasa,100102030000
4.01.01.1.06,Administrasi Umum Perangkat Daerah,4.01.01,1303595286,Biro Organisasi,100103010000
4.01.01.1.06,Administrasi Umum Perangkat Daerah,4.01.01,4502113272,Biro Administrasi Pimpinan,100103020000
4.01.01.1.06,Administrasi Umum Perangkat Daerah,4.01.01,26544942710,Biro Umum,100103030000
4.01.01.1.08,Penyediaan Jasa Penunjang Urusan Pemerintahan Daerah,4.01.01,581510848,"Biro Badan Usaha Milik Daerah, Investasi dan Administrasi Pembangunan",100102020000
4.01.01.1.08,Penyediaan Jasa Penunjang Urusan Pemerintahan Daerah,4.01.01,260899216,Biro Pengadaan Barang/Jasa,100102030000
4.01.01.1.08,Penyediaan Jasa Penunjang Urusan Pemerintahan Daerah,4.01.01,58522855868,Biro Umum,100103030000
4.01.01.1.09,Pemeliharaan Barang Milik Daerah Penunjang Urusan Pemerintahan Daerah,4.01.01,34219937094,Biro Umum,100103030000
4.01.01.1.11,Administrasi Keuangan dan Operasional Kepala Daerah dan Wakil Kepala Daerah,4.01.01,29226258234,Biro Umum,100103030000
4.01.01.1.12,Fasilitasi Kerumahtanggaan Sekretariat Daerah,4.01.01,27624987906,Biro Administrasi Pimpinan,100103020000
4.01.01.1.12,Fasilitasi Kerumahtanggaan Sekretariat Daerah,4.01.01,13931993086,Biro Umum,100103030000
4.01.01.1.13,Fasilitasi Materi dan Komunikasi Pimpinan,4.01.01,15977600892,Biro Administrasi Pimpinan,100103020000
4.01.01.1.14,Fasilitasi Keprotokolan,4.01.01,7632087674,Biro Administrasi Pimpinan,100103020000